G,Point Latency,Time Received,Time Captured,MPH,Address,I0,Engine On,I1,I2,I3,I4,I5,GPS,Event Code,Sat,HDOP,RSSI,C,F,Seq,Index,Lat, Lon,Triggered By,Δ Odo hm,Δ Eng min
LA,5 secs,2020-03-11 12:26.40pm,2020-03-11 12:26.35pm,0, Morrow GA 30260,-,-,-,-,-,-,-,3,38,18,0.6,-63,0,0,189,Serial,33.601067,-84.3387201,Ignition Off,1,1
LA,4 secs,2020-03-11 12:26.00pm,2020-03-11 12:25.56pm,0, Morrow GA 30260,+,+,-,-,-,-,-,3,0,18,0.6,-64,0,0,188,Serial,33.6010522,-84.338755,,0,2
LA,4 secs,2020-03-11 12:24.00pm,2020-03-11 12:23.56pm,0, Morrow GA 30260,+,+,-,-,-,-,-,3,0,15,0.6,-57,0,0,187,Serial,33.6010522,-84.3387536,,0,1
LA,26 secs,2020-03-11 12:22.46pm,2020-03-11 12:22.20pm,0, Morrow GA 30260,+,+,-,-,-,-,-,3,2,17,0.6,-60,0,0,186,Serial,33.6010764,-84.3388408,Stopped Moving,0,1
LA,40 secs,2020-03-11 12:22.37pm,2020-03-11 12:21.57pm,10, Morrow GA 30260,+,+,-,-,-,-,-,3,8,18,0.6,-56,0,0,185,Serial,33.6007585,-84.3390259,Moving,10,1
LA,7 secs,2020-03-11 12:20.55pm,2020-03-11 12:20.48pm,7,Jonesboro Rd [Ga-54] Morrow GA 30260,+,+,-,-,-,-,-,3,5,18,0.6,-77,0,0,184,Serial,33.6075177,-84.3438632,Started Moving,0,0
LA,4 secs,2020-03-11 12:20.30pm,2020-03-11 12:20.26pm,2,Jonesboro Rd [Ga-54] Morrow GA 30260,+,+,-,-,-,-,-,3,2,17,0.6,-77,0,0,183,Serial,33.6075405,-84.3439357,Stopped Moving,4,1
LA,3 secs,2020-03-11 12:20.00pm,2020-03-11 12:19.57pm,37,5309 Jonesboro Rd [Ga-54] Morrow GA 30260,+,+,-,-,-,-,-,3,8,18,0.6,-81,0,0,182,Serial,33.6104909,-84.3467024,Moving,5,0
LA,4 secs,2020-03-11 12:19.25pm,2020-03-11 12:19.21pm,7,1211 Forest Pkwy [Ga-331] Morrow GA 30260,+,+,-,-,-,-,-,3,5,18,0.6,-78,0,0,181,Serial,33.6143198,-84.3494865,Started Moving,0,2
LA,5 secs,2020-03-11 12:18.05pm,2020-03-11 12:18.00pm,0,1211 Forest Pkwy [Ga-331] Morrow GA 30260,+,+,-,-,-,-,-,3,2,17,0.6,-78,0,0,180,Serial,33.6144445,-84.3496917,Stopped Moving,0,0
LA,4 secs,2020-03-11 12:18.01pm,2020-03-11 12:17.57pm,7,1211 Forest Pkwy [Ga-331] Morrow GA 30260,+,+,-,-,-,-,-,3,8,15,0.6,-78,0,0,179,Serial,33.6144579,-84.3497306,Moving,19,2
LA,5 secs,2020-03-11 12:16.01pm,2020-03-11 12:15.56pm,36,671 Forest Pkwy [Ga-331] Forest Park GA 30297,+,+,-,-,-,-,-,3,8,15,0.6,-76,0,0,178,Serial,33.6211447,-84.3683263,Moving,15,2
LA,4 secs,2020-03-11 12:14.21pm,2020-03-11 12:14.17pm,10,201 Forest Pkwy [Ga-331] Forest Park GA 30297,+,+,-,-,-,-,-,3,5,16,0.6,-61,0,0,177,Serial,33.6197526,-84.3833454,Started Moving,0,1
LA,5 secs,2020-03-11 12:14.01pm,2020-03-11 12:13.56pm,0,201 Forest Pkwy [Ga-331] Forest Park GA 30297,+,+,-,-,-,-,-,3,0,15,0.6,-66,0,0,176,Serial,33.6197445,-84.3834674,,0,1
LA,4 secs,2020-03-11 12:13.01pm,2020-03-11 12:12.57pm,1,201 Forest Pkwy [Ga-331] Forest Park GA 30297,+,+,-,-,-,-,-,3,2,16,0.6,-65,0,0,175,Serial,33.6197311,-84.3834661,Stopped Moving,8,1
LA,7 secs,2020-03-11 12:12.03pm,2020-03-11 12:11.56pm,25,Forest Pkwy [Ga-331] Forest Park GA 30297,+,+,-,-,-,-,-,3,8,17,0.6,-52,0,0,174,Serial,33.6184316,-84.3918118,Moving,2,0
LA,21 secs,2020-03-11 12:11.54pm,2020-03-11 12:11.33pm,6,Farm Dr Forest Park GA 30297,+,+,-,-,-,-,-,3,5,16,0.6,-50,0,0,173,Serial,33.6188447,-84.3935834,Started Moving,0,1
LA,58 secs,2020-03-11 12:11.33pm,2020-03-11 12:10.35pm,0,Farm Dr Forest Park GA 30297,+,+,-,-,-,-,-,3,2,17,0.6,-57,0,0,172,Serial,33.6189117,-84.3935606,Stopped Moving,1,0
LA,8 secs,2020-03-11 12:10.21pm,2020-03-11 12:10.13pm,9,Farm Dr Forest Park GA 30297,+,+,-,-,-,-,-,3,5,17,0.6,-57,0,0,171,Serial,33.6195729,-84.3936759,Started Moving,0,1
LA,4 secs,2020-03-11 12:10.00pm,2020-03-11 12:09.56pm,7, Forest Park GA 30297,+,+,-,-,-,-,-,3,0,17,0.6,-55,0,0,170,Serial,33.6192524,-84.3940112,,0,2
LA,6 secs,2020-03-11 12:08.01pm,2020-03-11 12:07.55pm,0, Forest Park GA 30297,+,+,-,-,-,-,-,3,0,15,0.6,-57,0,0,169,Serial,33.6191665,-84.3939991,,0,2
LA,6 secs,2020-03-11 12:06.01pm,2020-03-11 12:05.55pm,0, Forest Park GA 30297,+,+,-,-,-,-,-,3,0,15,0.6,-55,0,0,168,Serial,33.6191665,-84.3940004,,0,2
LA,5 secs,2020-03-11 12:04.00pm,2020-03-11 12:03.55pm,0, Forest Park GA 30297,+,+,-,-,-,-,-,3,0,16,0.6,-49,0,0,167,Serial,33.6191679,-84.3940004,,0,2
LA,6 secs,2020-03-11 12:02.01pm,2020-03-11 12:01.55pm,0, Forest Park GA 30297,+,+,-,-,-,-,-,3,0,15,0.6,-58,0,0,166,Serial,33.6191706,-84.3940071,,0,2
LA,"1 min, 23 secs",2020-03-11 12:01.18pm,2020-03-11 11:59.55am,0, Forest Park GA 30297,+,+,-,-,-,-,-,3,0,15,0.6,-57,0,0,165,Serial,33.6191692,-84.3940085,,0,2
LA,6 secs,2020-03-11 11:58.01am,2020-03-11 11:57.55am,0, Forest Park GA 30297,+,+,-,-,-,-,-,3,0,17,0.6,-55,0,0,164,Serial,33.6191692,-84.3940098,,0,2
LA,6 secs,2020-03-11 11:56.00am,2020-03-11 11:55.54am,0, Forest Park GA 30297,+,+,-,-,-,-,-,3,0,14,0.6,-56,0,0,163,Serial,33.6191786,-84.3940179,,0,2
LA,8 secs,2020-03-11 11:54.02am,2020-03-11 11:53.54am,0, Forest Park GA 30297,+,+,-,-,-,-,-,3,0,12,0.8,-53,0,0,162,Serial,33.6191786,-84.3940192,,1,2
LA,50 secs,2020-03-11 11:52.44am,2020-03-11 11:51.54am,0, Forest Park GA 30297,+,+,-,-,-,-,-,3,0,12,0.8,-56,0,0,161,Serial,33.6191759,-84.3939937,,0,2
LA,6 secs,2020-03-11 11:50.00am,2020-03-11 11:49.54am,0, Forest Park GA 30297,+,+,-,-,-,-,-,3,0,11,0.8,-53,0,0,160,Serial,33.6191773,-84.3939924,,0,2
LA,6 secs,2020-03-11 11:48.00am,2020-03-11 11:47.54am,0, Forest Park GA 30297,+,+,-,-,-,-,-,3,0,13,0.8,-56,0,0,159,Serial,33.6192068,-84.3939817,,0,2
LA,6 secs,2020-03-11 11:46.00am,2020-03-11 11:45.54am,0, Forest Park GA 30297,+,+,-,-,-,-,-,3,0,12,0.8,-57,0,0,158,Serial,33.6192094,-84.3939817,,0,2
LA,6 secs,2020-03-11 11:44.00am,2020-03-11 11:43.54am,0, Forest Park GA 30297,+,+,-,-,-,-,-,3,0,10,1,-57,0,0,157,Serial,33.6192121,-84.3940045,,0,2
LA,12 secs,2020-03-11 11:42.06am,2020-03-11 11:41.54am,0, Forest Park GA 30297,+,+,-,-,-,-,-,3,0,14,0.6,-49,0,0,156,Serial,33.6192027,-84.3939978,,0,2
LA,7 secs,2020-03-11 11:40.01am,2020-03-11 11:39.54am,0, Forest Park GA 30297,+,+,-,-,-,-,-,3,0,14,0.6,-54,0,0,155,Serial,33.6191934,-84.3940098,,0,2
LA,6 secs,2020-03-11 11:38.00am,2020-03-11 11:37.54am,0, Forest Park GA 30297,+,+,-,-,-,-,-,3,0,12,0.8,-56,0,0,154,Serial,33.619192,-84.3940125,,0,2
LA,6 secs,2020-03-11 11:36.00am,2020-03-11 11:35.54am,0, Forest Park GA 30297,+,+,-,-,-,-,-,3,0,11,1,-50,0,0,153,Serial,33.619192,-84.3940138,,0,2
LA,8 secs,2020-03-11 11:34.02am,2020-03-11 11:33.54am,0, Forest Park GA 30297,+,+,-,-,-,-,-,3,0,11,0.8,-56,0,0,152,Serial,33.619192,-84.3940138,,0,2
LA,7 secs,2020-03-11 11:32.01am,2020-03-11 11:31.54am,0, Forest Park GA 30297,+,+,-,-,-,-,-,3,0,14,0.8,-57,0,0,151,Serial,33.6191907,-84.3940152,,0,2
LA,51 secs,2020-03-11 11:30.45am,2020-03-11 11:29.54am,0, Forest Park GA 30297,+,+,-,-,-,-,-,3,0,14,0.6,-56,0,0,150,Serial,33.6191893,-84.3940152,,0,2
LA,6 secs,2020-03-11 11:28.00am,2020-03-11 11:27.54am,0, Forest Park GA 30297,+,+,-,-,-,-,-,3,0,12,0.8,-55,0,0,149,Serial,33.619188,-84.3940165,,0,2
LA,6 secs,2020-03-11 11:26.00am,2020-03-11 11:25.54am,0, Forest Park GA 30297,+,+,-,-,-,-,-,3,0,12,0.8,-55,0,0,148,Serial,33.619192,-84.3940192,,0,2
LA,6 secs,2020-03-11 11:24.00am,2020-03-11 11:23.54am,0, Forest Park GA 30297,+,+,-,-,-,-,-,3,0,18,0.6,-55,0,0,147,Serial,33.619192,-84.3940206,,0,2
LA,6 secs,2020-03-11 11:22.00am,2020-03-11 11:21.54am,0, Forest Park GA 30297,+,+,-,-,-,-,-,3,0,15,0.6,-55,0,0,146,Serial,33.6191974,-84.3940004,,0,2
LA,14 secs,2020-03-11 11:20.08am,2020-03-11 11:19.54am,0, Forest Park GA 30297,+,+,-,-,-,-,-,3,0,13,0.8,-57,0,0,145,Serial,33.6191987,-84.3940031,,0,2
LA,7 secs,2020-03-11 11:18.01am,2020-03-11 11:17.54am,0, Forest Park GA 30297,+,+,-,-,-,-,-,3,0,12,0.8,-54,0,0,144,Serial,33.6191987,-84.3940031,,0,2
LA,7 secs,2020-03-11 11:16.01am,2020-03-11 11:15.54am,0, Forest Park GA 30297,+,+,-,-,-,-,-,3,0,14,0.6,-56,0,0,143,Serial,33.619188,-84.3940058,,0,2
LA,8 secs,2020-03-11 11:14.02am,2020-03-11 11:13.54am,0, Forest Park GA 30297,+,+,-,-,-,-,-,3,0,13,0.8,-57,0,0,142,Serial,33.6191866,-84.3940058,,0,2
LA,7 secs,2020-03-11 11:12.01am,2020-03-11 11:11.54am,0, Forest Park GA 30297,+,+,-,-,-,-,-,3,0,12,0.8,-56,0,0,141,Serial,33.619192,-84.3940045,,0,2
LA,7 secs,2020-03-11 11:10.01am,2020-03-11 11:09.54am,0, Forest Park GA 30297,+,+,-,-,-,-,-,3,0,13,0.8,-57,0,0,140,Serial,33.6192001,-84.3940018,,0,2
LA,55 secs,2020-03-11 11:08.49am,2020-03-11 11:07.54am,0, Forest Park GA 30297,+,+,-,-,-,-,-,3,0,15,0.6,-57,0,0,139,Serial,33.6192054,-84.3940206,,0,2
LA,7 secs,2020-03-11 11:06.01am,2020-03-11 11:05.54am,0, Forest Park GA 30297,+,+,-,-,-,-,-,3,0,12,0.8,-56,0,0,138,Serial,33.6191853,-84.3940098,,0,2
LA,7 secs,2020-03-11 11:04.01am,2020-03-11 11:03.54am,0, Forest Park GA 30297,+,+,-,-,-,-,-,3,0,11,1,-55,0,0,137,Serial,33.6191853,-84.3940098,,0,2
LA,7 secs,2020-03-11 11:02.01am,2020-03-11 11:01.54am,0, Forest Park GA 30297,+,+,-,-,-,-,-,3,0,12,0.8,-56,0,0,136,Serial,33.6191866,-84.3939924,,0,2
LA,7 secs,2020-03-11 11:00.01am,2020-03-11 10:59.54am,0, Forest Park GA 30297,+,+,-,-,-,-,-,3,0,17,0.6,-55,0,0,135,Serial,33.6191853,-84.3939937,,0,2
LA,17 secs,2020-03-11 10:58.11am,2020-03-11 10:57.54am,0, Forest Park GA 30297,+,+,-,-,-,-,-,3,0,14,0.8,-56,0,0,134,Serial,33.6192068,-84.3939843,,0,2
LA,7 secs,2020-03-11 10:56.01am,2020-03-11 10:55.54am,0, Forest Park GA 30297,+,+,-,-,-,-,-,3,0,17,0.6,-57,0,0,133,Serial,33.6191947,-84.3939454,,0,2
LA,3 secs,2020-03-11 10:53.57am,2020-03-11 10:53.54am,0, Forest Park GA 30297,+,+,-,-,-,-,-,3,0,13,0.8,-56,0,0,132,Serial,33.6191934,-84.3939682,,0,2
LA,9 secs,2020-03-11 10:52.03am,2020-03-11 10:51.54am,0, Forest Park GA 30297,+,+,-,-,-,-,-,3,0,14,0.8,-56,0,0,131,Serial,33.6192014,-84.3939696,,0,2
LA,3 secs,2020-03-11 10:49.57am,2020-03-11 10:49.54am,0, Forest Park GA 30297,+,+,-,-,-,-,-,3,0,15,0.6,-56,0,0,130,Serial,33.6191652,-84.3939656,,0,2
LA,2 secs,2020-03-11 10:47.56am,2020-03-11 10:47.54am,0, Forest Park GA 30297,+,+,-,-,-,-,-,3,0,12,0.8,-55,0,0,129,Serial,33.6191236,-84.3939495,,1,2
LA,2 secs,2020-03-11 10:45.56am,2020-03-11 10:45.54am,0, Forest Park GA 30297,+,+,-,-,-,-,-,3,0,15,0.6,-56,0,0,128,Serial,33.6192081,-84.3939696,,0,2
LA,7 secs,2020-03-11 10:44.01am,2020-03-11 10:43.54am,0, Forest Park GA 30297,+,+,-,-,-,-,-,3,0,14,0.8,-56,0,0,127,Serial,33.6192336,-84.3939924,,0,2
LA,7 secs,2020-03-11 10:42.01am,2020-03-11 10:41.54am,0, Forest Park GA 30297,+,+,-,-,-,-,-,3,0,15,0.6,-58,0,0,126,Serial,33.6192282,-84.3939884,,0,2
LA,7 secs,2020-03-11 10:40.01am,2020-03-11 10:39.54am,0, Forest Park GA 30297,+,+,-,-,-,-,-,3,0,11,1.1,-57,0,0,125,Serial,33.6192269,-84.393987,,0,2
LA,2 secs,2020-03-11 10:37.56am,2020-03-11 10:37.54am,0, Forest Park GA 30297,+,+,-,-,-,-,-,3,0,12,0.8,-54,0,0,124,Serial,33.6191638,-84.3940125,,0,2
LA,24 secs,2020-03-11 10:36.18am,2020-03-11 10:35.54am,0, Forest Park GA 30297,+,+,-,-,-,-,-,3,0,11,1,-56,0,0,123,Serial,33.6191746,-84.3939884,,0,2
LA,8 secs,2020-03-11 10:34.03am,2020-03-11 10:33.55am,0, Forest Park GA 30297,+,+,-,-,-,-,-,3,0,10,1.1,-56,0,0,122,Serial,33.6191732,-84.393987,,0,2
LA,2 secs,2020-03-11 10:31.56am,2020-03-11 10:31.54am,0, Forest Park GA 30297,+,+,-,-,-,-,-,3,0,12,0.8,-57,0,0,121,Serial,33.6191679,-84.3939843,,0,2
LA,7 secs,2020-03-11 10:30.01am,2020-03-11 10:29.54am,0, Forest Park GA 30297,+,+,-,-,-,-,-,3,0,13,0.8,-57,0,0,120,Serial,33.6191692,-84.3939843,,0,2
LA,8 secs,2020-03-11 10:28.02am,2020-03-11 10:27.54am,0, Forest Park GA 30297,+,+,-,-,-,-,-,3,0,14,0.8,-57,0,0,119,Serial,33.6192014,-84.3939884,,0,2
LA,8 secs,2020-03-11 10:26.02am,2020-03-11 10:25.54am,0, Forest Park GA 30297,+,+,-,-,-,-,-,3,0,13,0.8,-58,0,0,118,Serial,33.619196,-84.3939884,,0,2
LA,9 secs,2020-03-11 10:24.03am,2020-03-11 10:23.54am,0, Forest Park GA 30297,+,+,-,-,-,-,-,3,0,11,0.8,-58,0,0,117,Serial,33.6192001,-84.3939951,,0,2
LA,4 secs,2020-03-11 10:21.58am,2020-03-11 10:21.54am,0, Forest Park GA 30297,+,+,-,-,-,-,-,3,0,11,1.1,-58,0,0,116,Serial,33.6192001,-84.3939951,,0,2
LA,8 secs,2020-03-11 10:20.02am,2020-03-11 10:19.54am,0, Forest Park GA 30297,+,+,-,-,-,-,-,3,0,11,1,-59,0,0,115,Serial,33.6192001,-84.3939951,,0,2
LA,3 secs,2020-03-11 10:17.57am,2020-03-11 10:17.54am,0, Forest Park GA 30297,+,+,-,-,-,-,-,3,0,11,1,-58,0,0,114,Serial,33.6191907,-84.3939803,,0,1
LA,6 secs,2020-03-11 10:16.26am,2020-03-11 10:16.20am,0, Forest Park GA 30297,+,+,-,-,-,-,-,3,2,14,0.8,-56,0,0,113,Serial,33.6192859,-84.3939589,Stopped Moving,1,1
LA,3 secs,2020-03-11 10:15.56am,2020-03-11 10:15.53am,6,4th Ave Forest Park GA 30297,+,+,-,-,-,-,-,3,8,14,0.8,-59,0,0,112,Serial,33.6196681,-84.3941533,Moving,4,2
LA,31 secs,2020-03-11 10:14.24am,2020-03-11 10:13.53am,5,21st Ave Forest Park GA 30297,+,+,-,-,-,-,-,3,8,15,0.8,-52,0,0,111,Serial,33.6208872,-84.3939562,Moving,12,2
LA,3 secs,2020-03-11 10:11.57am,2020-03-11 10:11.54am,25,164 Forest Pkwy [Ga-331] Forest Park GA 30297,+,+,-,-,-,-,-,3,10002,14,0.8,-60,0,0,110,Serial,33.6198223,-84.3840025,Harsh Acceleration,0,0
LA,4 secs,2020-03-11 10:11.57am,2020-03-11 10:11.53am,25,164 Forest Pkwy [Ga-331] Forest Park GA 30297,+,+,-,-,-,-,-,3,8,14,0.8,-60,0,0,109,Serial,33.6198223,-84.3840025,Moving,0,0
LA,7 secs,2020-03-11 10:11.52am,2020-03-11 10:11.45am,6,216 Forest Pkwy [Ga-331] Forest Park GA 30297,+,+,-,-,-,-,-,3,5,14,0.8,-62,0,0,108,Serial,33.6199631,-84.3831589,Started Moving,0,1
LA,3 secs,2020-03-11 10:10.27am,2020-03-11 10:10.24am,0,216 Forest Pkwy [Ga-331] Forest Park GA 30297,+,+,-,-,-,-,-,3,2,14,0.8,-72,0,0,107,Serial,33.6199752,-84.3830879,Stopped Moving,4,1
LA,4 secs,2020-03-11 10:09.57am,2020-03-11 10:09.53am,38,314 Forest Pkwy [Ga-331] Forest Park GA 30297,+,+,-,-,-,-,-,3,8,15,0.8,-79,0,0,106,Serial,33.6207946,-84.3794039,Moving,22,2
LA,8 secs,2020-03-11 10:07.47am,2020-03-11 10:07.39am,10,1008 Forest Pkwy [Ga-331] Forest Park GA 30297,+,+,-,-,-,-,-,3,8,15,0.8,-55,0,0,105,Serial,33.6179394,-84.3572609,Moving,1,0
LA,7 secs,2020-03-11 10:07.17am,2020-03-11 10:07.10am,7,4953 Phillips Dr Forest Park GA 30297,+,+,-,-,-,-,-,3,5,15,0.8,-60,0,0,104,Serial,33.6192376,-84.3564897,Started Moving,0,1
LA,4 secs,2020-03-11 10:06.52am,2020-03-11 10:06.48am,1,1032 Main St [Ga-160] Forest Park GA 30297,+,+,-,-,-,-,-,3,2,15,0.8,-61,0,0,103,Serial,33.61931,-84.3562859,Stopped Moving,6,1
LA,8 secs,2020-03-11 10:05.47am,2020-03-11 10:05.39am,21,Jonesboro Rd [Ga-54] Forest Park GA 30297,+,+,-,-,-,-,-,3,8,15,0.8,-48,0,0,102,Serial,33.6185523,-84.3505996,Moving,13,2
LA,7 secs,2020-03-11 10:03.47am,2020-03-11 10:03.40am,36,1370 Metcalf Rd Forest Park GA 30297,+,+,-,-,-,-,-,3,8,15,0.8,-70,0,0,101,Serial,33.6152478,-84.33962,Moving,16,2
LA,8 secs,2020-03-11 10:01.47am,2020-03-11 10:01.39am,40,Anvilblock Rd Forest Park GA 30297,+,+,-,-,-,-,-,3,8,14,0.8,-56,0,0,100,Serial,33.6167418,-84.3281616,Moving,14,2
LA,10 secs,2020-03-11 9:59.49am,2020-03-11 9:59.39am,10, Forest Park GA 30297,+,+,-,-,-,-,-,3,8,15,0.8,-59,0,0,99,Serial,33.6247214,-84.3221078,Moving,1,0
LA,8 secs,2020-03-11 9:59.39am,2020-03-11 9:59.31am,9, Forest Park GA 30297,+,+,-,-,-,-,-,3,5,15,0.8,-59,0,0,98,Serial,33.624252,-84.3222446,Started Moving,0,2
LA,10 secs,2020-03-11 9:57.49am,2020-03-11 9:57.39am,0, Forest Park GA 30297,+,+,-,-,-,-,-,3,0,14,0.8,-57,0,0,97,Serial,33.6241393,-84.3225102,,0,2
LA,9 secs,2020-03-11 9:55.49am,2020-03-11 9:55.40am,0, Forest Park GA 30297,+,+,-,-,-,-,-,3,0,13,0.8,-53,0,0,96,Serial,33.6241393,-84.3225115,,0,2
LA,10 secs,2020-03-11 9:53.49am,2020-03-11 9:53.39am,0, Forest Park GA 30297,+,+,-,-,-,-,-,3,0,15,0.8,-53,0,0,95,Serial,33.6240696,-84.3221789,,0,0
LA,9 secs,2020-03-11 9:53.44am,2020-03-11 9:53.35am,2, Forest Park GA 30297,+,+,-,-,-,-,-,3,2,15,0.8,-53,0,0,94,Serial,33.6240696,-84.3221709,Stopped Moving,15,2
LA,45 secs,2020-03-11 9:52.25am,2020-03-11 9:51.40am,43,Anvilblock Rd Forest Park GA 30297,+,+,-,-,-,-,-,3,8,15,0.8,-71,0,0,93,Serial,33.6170181,-84.3273395,Moving,17,2
LA,10 secs,2020-03-11 9:49.50am,2020-03-11 9:49.40am,38,1375 Metcalf Rd Forest Park GA 30297,+,+,-,-,-,-,-,3,8,14,0.8,-76,0,0,92,Serial,33.6154275,-84.3390634,Moving,13,3
LA,8 secs,2020-03-11 9:47.50am,2020-03-11 9:47.42am,6,Forest Pkwy [Ga-331] Morrow GA 30260,+,+,-,-,-,-,-,3,5,15,0.8,-77,0,0,91,Serial,33.6145826,-84.3497681,Started Moving,0,0
LA,9 secs,2020-03-11 9:47.50am,2020-03-11 9:47.41am,2,Forest Pkwy [Ga-331] Morrow GA 30260,+,+,-,-,-,-,-,3,0,15,0.8,-77,0,0,90,Serial,33.6146001,-84.3497976,,0,1
LA,3 secs,2020-03-11 9:47.02am,2020-03-11 9:46.59am,0,Forest Pkwy [Ga-331] Morrow GA 30260,+,+,-,-,-,-,-,3,2,16,0.6,-71,0,0,89,Serial,33.6146336,-84.3498379,Stopped Moving,10,1
LA,10 secs,2020-03-11 9:45.50am,2020-03-11 9:45.40am,37,Forest Pkwy [Ga-331] Forest Park GA 30297,+,+,-,-,-,-,-,3,8,14,0.8,-66,0,0,88,Serial,33.6186368,-84.3601496,Moving,21,3
LA,10 secs,2020-03-11 9:43.50am,2020-03-11 9:43.40am,32,249 Forest Pkwy [Ga-331] Forest Park GA 30297,+,+,-,-,-,-,-,3,8,16,0.6,-67,0,0,87,Serial,33.6202287,-84.381091,Moving,2,0
LA,6 secs,2020-03-11 9:43.29am,2020-03-11 9:43.23am,9,207 Forest Pkwy [Ga-331] Forest Park GA 30297,+,+,-,-,-,-,-,3,5,17,0.6,-53,0,0,86,Serial,33.6199041,-84.3831589,Started Moving,0,1
LA,6 secs,2020-03-11 9:43.09am,2020-03-11 9:43.03am,1,203 Forest Pkwy [Ga-331] Forest Park GA 30297,+,+,-,-,-,-,-,3,2,17,0.6,-57,0,0,85,Serial,33.6197137,-84.3832139,Stopped Moving,10,1
LA,8 secs,2020-03-11 9:41.48am,2020-03-11 9:41.40am,6,208 Agnew Dr Forest Park GA 30297,+,+,-,-,-,-,-,3,8,16,0.6,-78,0,0,84,Serial,33.6109093,-84.381956,Moving,2,1
LA,28 secs,2020-03-11 9:41.36am,2020-03-11 9:41.08am,12, Forest Park GA 30297,+,+,-,-,-,-,-,3,3,14,0.8,-77,0,0,83,Serial,33.6104869,-84.3807342,Roll,1,0
LA,40 secs,2020-03-11 9:41.31am,2020-03-11 9:40.51am,9, Forest Park GA 30297,+,+,-,-,-,-,-,3,5,15,0.6,-75,0,0,82,Serial,33.6095428,-84.3808938,Started Moving,0,1
LA,9 secs,2020-03-11 9:39.49am,2020-03-11 9:39.40am,0, Forest Park GA 30297,+,+,-,-,-,-,-,3,37,14,0.8,-69,0,0,81,Serial,33.609355,-84.3807208,Ignition On,0,0
LA,7 secs,2020-03-11 9:39.14am,2020-03-11 9:39.07am,0, Forest Park GA 30297,-,-,-,-,-,-,-,3,0,14,0.8,-70,0,0,80,Serial,33.609359,-84.3807329,,0,0
LA,7 secs,2020-03-11 9:37.14am,2020-03-11 9:37.07am,0, Forest Park GA 30297,-,-,-,-,-,-,-,3,38,13,0.8,-71,0,0,79,Serial,33.6093564,-84.3807329,Ignition Off,0,1
LA,5 secs,2020-03-11 9:36.08am,2020-03-11 9:36.03am,0, Forest Park GA 30297,+,+,-,-,-,-,-,3,0,15,0.8,-77,0,0,78,Serial,33.6093577,-84.3807329,,0,2
LA,5 secs,2020-03-11 9:34.08am,2020-03-11 9:34.03am,0, Forest Park GA 30297,+,+,-,-,-,-,-,3,0,15,0.6,-71,0,0,77,Serial,33.6093724,-84.3807155,,0,2
LA,4 secs,2020-03-11 9:32.06am,2020-03-11 9:32.02am,0, Forest Park GA 30297,+,+,-,-,-,-,-,3,0,16,0.6,-69,0,0,76,Serial,33.6093751,-84.3807155,,0,1
LA,6 secs,2020-03-11 9:31.12am,2020-03-11 9:31.06am,1, Forest Park GA 30297,+,+,-,-,-,-,-,3,2,15,0.8,-75,0,0,75,Serial,33.6093885,-84.3808549,Stopped Moving,6,1
LA,34 secs,2020-03-11 9:30.36am,2020-03-11 9:30.02am,40,Old Dixie Rd [Us-19/Us-41/Ga-3] Forest Park GA 30297,+,+,-,-,-,-,-,3,8,17,0.6,-70,0,0,74,Serial,33.6131745,-84.3827419,Moving,2,0
LA,47 secs,2020-03-11 9:30.29am,2020-03-11 9:29.42am,10,5087 Old Dixie Hwy [Us-19/Us-41/Ga-3] Forest Park GA 30297,+,+,-,-,-,-,-,3,5,18,0.6,-63,0,0,73,Serial,33.6155482,-84.3833226,Started Moving,1,1
LA,53 secs,2020-03-11 9:30.26am,2020-03-11 9:29.33am,0,Old Dixie Hwy [Us-19/Us-41/Ga-3] Forest Park GA 30297,+,+,-,-,-,-,-,3,2,16,0.6,-63,0,0,72,Serial,33.6156421,-84.3833346,Stopped Moving,12,2
LA,9 secs,2020-03-11 9:28.11am,2020-03-11 9:28.02am,38,4669 Old Dixie Rd [Us-19/Us-41/Ga-3] Forest Park GA 30297,+,+,-,-,-,-,-,3,8,18,0.6,-51,0,0,71,Serial,33.6267022,-84.3844813,Moving,9,1
LA,5 secs,2020-03-11 9:26.52am,2020-03-11 9:26.47am,13,4474 Old Dixie Hwy [Us-19/Us-41/Ga-3] Atlanta GA 30354,+,+,-,-,-,-,-,3,5,18,0.6,-67,0,0,70,Serial,33.6331663,-84.3889351,Started Moving,0,1
LA,3 secs,2020-03-11 9:26.06am,2020-03-11 9:26.03am,0, Atlanta GA 30354,+,+,-,-,-,-,-,3,0,18,0.6,-67,0,0,69,Serial,33.6332736,-84.3888278,,0,0
LA,5 secs,2020-03-11 9:26.04am,2020-03-11 9:25.59am,0, Atlanta GA 30354,+,+,-,-,-,-,-,3,2,18,0.6,-67,0,0,68,Serial,33.633275,-84.3888291,Stopped Moving,28,3
LA,8 secs,2020-03-11 9:23.53am,2020-03-11 9:23.45am,48, Atlanta GA 30354,+,+,-,-,-,-,-,3,8,15,0.6,-66,0,0,67,Serial,33.6507965,-84.3684242,Moving,7,3
LA,5 secs,2020-03-11 9:22.47am,2020-03-11 9:22.42am,3,3900 Jonesboro Rd SE [Ga-54] Atlanta GA 30354,+,+,-,-,-,-,-,3,5,18,0.6,-75,0,0,66,Serial,33.6482055,-84.3654564,Started Moving,1,1
LA,4 secs,2020-03-11 9:21.33am,2020-03-11 9:21.29am,0,794 Ruskin Dr Forest Park GA 30297,+,+,-,-,-,-,-,3,0,18,0.6,-71,0,0,65,Serial,33.6475524,-84.3653705,,0,1
LA,4 secs,2020-03-11 9:21.17am,2020-03-11 9:21.13am,0,794 Ruskin Dr Forest Park GA 30297,+,+,-,-,-,-,-,3,2,17,0.6,-64,0,0,64,Serial,33.6475483,-84.3653746,Stopped Moving,3,1
LA,2 secs,2020-03-11 9:20.32am,2020-03-11 9:20.30am,9, Forest Park GA 30297,+,+,-,-,-,-,-,3,5,17,0.6,-73,0,0,63,Serial,33.6469757,-84.3685396,Started Moving,2,1
LA,19 secs,2020-03-11 9:19.47am,2020-03-11 9:19.28am,0, Forest Park GA 30297,+,+,-,-,-,-,-,3,0,15,0.6,-57,0,0,62,Serial,33.646686,-84.3695347,,0,2
LA,3 secs,2020-03-11 9:17.31am,2020-03-11 9:17.28am,0, Forest Park GA 30297,+,+,-,-,-,-,-,3,0,15,0.6,-62,0,0,61,Serial,33.6466766,-84.3695306,,0,1
LA,3 secs,2020-03-11 9:17.07am,2020-03-11 9:17.04am,0, Forest Park GA 30297,+,+,-,-,-,-,-,3,2,16,0.6,-58,0,0,60,Serial,33.6466793,-84.3695293,Stopped Moving,5,2
LA,5 secs,2020-03-11 9:15.32am,2020-03-11 9:15.27am,12,697 Ruskin Dr Forest Park GA 30297,+,+,-,-,-,-,-,3,8,16,0.6,-60,0,0,59,Serial,33.6473874,-84.3666178,Moving,17,2
LA,4 secs,2020-03-11 9:13.32am,2020-03-11 9:13.28am,14, Forest Park GA 30297,+,+,-,-,-,-,-,3,8,18,0.6,-73,0,0,58,Serial,33.6341681,-84.3583056,Moving,0,0
LA,4 secs,2020-03-11 9:13.29am,2020-03-11 9:13.25am,2, Forest Park GA 30297,+,+,-,-,-,-,-,3,5,18,0.6,-73,0,0,57,Serial,33.6340179,-84.3582318,Started Moving,0,0
LA,5 secs,2020-03-11 9:13.17am,2020-03-11 9:13.12am,3, Forest Park GA 30297,+,+,-,-,-,-,-,3,2,17,0.6,-77,0,0,56,Serial,33.6339831,-84.358197,Stopped Moving,16,2
LA,3 secs,2020-03-11 9:11.32am,2020-03-11 9:11.29am,37,4906 Jonesboro Rd [Ga-160/Ga-54] Forest Park GA 30297,+,+,-,-,-,-,-,3,8,18,0.6,-79,0,0,55,Serial,33.6203896,-84.3520265,Moving,5,1
LA,3 secs,2020-03-11 9:10.57am,2020-03-11 9:10.54am,9,5082 Jonesboro Rd [Ga-54] Morrow GA 30260,+,+,-,-,-,-,-,3,5,17,0.6,-82,0,0,54,Serial,33.6164535,-84.3496917,Started Moving,1,0
LA,3 secs,2020-03-11 9:10.37am,2020-03-11 9:10.34am,2,1300 Metcalf Rd Forest Park GA 30297,+,+,-,-,-,-,-,3,2,16,0.6,-79,0,0,53,Serial,33.616428,-84.3495656,Stopped Moving,6,1
LA,4 secs,2020-03-11 9:09.32am,2020-03-11 9:09.28am,12,1350 Metcalf Rd Forest Park GA 30297,+,+,-,-,-,-,-,3,8,15,0.6,-85,0,0,52,Serial,33.614006,-84.3432691,Moving,15,2
LA,58 secs,2020-03-11 9:08.26am,2020-03-11 9:07.28am,40,Anvilblock Rd Forest Park GA 30297,+,+,-,-,-,-,-,3,8,15,0.6,-70,0,0,51,Serial,33.6140422,-84.3329627,Moving,10,1
LA,3 secs,2020-03-11 9:06.33am,2020-03-11 9:06.30am,7,Anvilblock Rd Forest Park GA 30297,+,+,-,-,-,-,-,3,5,15,0.6,-57,0,0,50,Serial,33.6199417,-84.3262545,Started Moving,0,0
LA,4 secs,2020-03-11 9:06.27am,2020-03-11 9:06.23am,1,Anvilblock Rd Forest Park GA 30297,+,+,-,-,-,-,-,3,2,15,0.6,-64,0,0,49,Serial,33.619994,-84.3262773,Stopped Moving,6,1
LA,4 secs,2020-03-11 9:05.33am,2020-03-11 9:05.29am,22,Anvilblock Rd Forest Park GA 30297,+,+,-,-,-,-,-,3,8,15,0.6,-59,0,0,48,Serial,33.6238778,-84.3218678,Moving,1,0
LA,6 secs,2020-03-11 9:05.23am,2020-03-11 9:05.17am,9,Anvilblock Rd Forest Park GA 30297,+,+,-,-,-,-,-,3,5,15,0.6,-54,0,0,47,Serial,33.624311,-84.3209934,Started Moving,0,0
LA,1 sec,2020-03-11 9:05.11am,2020-03-11 9:05.10am,1, Forest Park GA 30297,+,+,-,-,-,-,-,3,2,14,0.8,-60,0,0,46,Serial,33.6243955,-84.3210135,Stopped Moving,1,1
LA,7 secs,2020-03-11 9:04.53am,2020-03-11 9:04.46am,10, Forest Park GA 30297,+,+,-,-,-,-,-,3,5,16,0.6,-70,0,0,45,Serial,33.6251184,-84.3214507,Started Moving,2,1
LA,3 secs,2020-03-11 9:03.32am,2020-03-11 9:03.29am,0, Forest Park GA 30297,+,+,-,-,-,-,-,3,0,14,0.8,-56,0,0,44,Serial,33.6241702,-84.3224364,,0,2
LA,4 secs,2020-03-11 9:01.33am,2020-03-11 9:01.29am,0, Forest Park GA 30297,+,+,-,-,-,-,-,3,0,13,0.8,-57,0,0,43,Serial,33.6241742,-84.3224445,,1,2
LA,4 secs,2020-03-11 8:59.38am,2020-03-11 8:59.34am,0, Forest Park GA 30297,+,+,-,-,-,-,-,3,2,16,0.6,-58,0,0,42,Serial,33.6241863,-84.3221749,Stopped Moving,0,0
LA,5 secs,2020-03-11 8:59.33am,2020-03-11 8:59.28am,9, Forest Park GA 30297,+,+,-,-,-,-,-,3,8,15,0.6,-58,0,0,41,Serial,33.6241353,-84.3222634,Moving,15,2
LA,19 secs,2020-03-11 8:57.47am,2020-03-11 8:57.28am,38,Anvilblock Rd Forest Park GA 30297,+,+,-,-,-,-,-,3,8,15,0.6,-72,0,0,40,Serial,33.6165085,-84.3285384,Moving,16,2
LA,4 secs,2020-03-11 8:55.32am,2020-03-11 8:55.28am,37,1371 Metcalf Rd Forest Park GA 30297,+,+,-,-,-,-,-,3,8,11,0.8,-65,0,0,39,Serial,33.615217,-84.3395771,Moving,13,2
LA,3 secs,2020-03-11 8:53.42am,2020-03-11 8:53.39am,9,Forest Pkwy [Ga-331] Morrow GA 30260,+,+,-,-,-,-,-,3,5,14,0.8,-59,0,0,38,Serial,33.6144405,-84.3494597,Started Moving,0,0
LA,4 secs,2020-03-11 8:53.32am,2020-03-11 8:53.28am,0,Forest Pkwy [Ga-331] Morrow GA 30260,+,+,-,-,-,-,-,3,0,12,0.8,-60,0,0,37,Serial,33.6145008,-84.3495629,,0,1
LA,2 secs,2020-03-11 8:52.22am,2020-03-11 8:52.20am,1,Forest Pkwy [Ga-331] Morrow GA 30260,+,+,-,-,-,-,-,3,2,14,0.8,-56,0,0,36,Serial,33.6144834,-84.3496233,Stopped Moving,8,1
LA,4 secs,2020-03-11 8:51.32am,2020-03-11 8:51.28am,37,Forest Pkwy [Ga-331] Forest Park GA 30297,+,+,-,-,-,-,-,3,8,15,0.6,-54,0,0,35,Serial,33.6176739,-84.3567459,Moving,19,2
LA,5 secs,2020-03-11 8:49.32am,2020-03-11 8:49.27am,36,403 Forest Pkwy [Ga-331] Forest Park GA 30297,+,+,-,-,-,-,-,3,8,14,0.8,-76,0,0,34,Serial,33.6206042,-84.3767029,Moving,6,1
LA,5 secs,2020-03-11 8:48.52am,2020-03-11 8:48.47am,15,219 Forest Pkwy [Ga-331] Forest Park GA 30297,+,+,-,-,-,-,-,3,5,16,0.6,-61,0,0,33,Serial,33.6199015,-84.3828129,Started Moving,1,2
LA,5 secs,2020-03-11 8:47.12am,2020-03-11 8:47.07am,1,4950 Old Dixie Rd [Us-19/Us-41/Ga-3] Forest Park GA 30297,+,+,-,-,-,-,-,3,2,14,0.6,-67,0,0,32,Serial,33.6194629,-84.38323,Stopped Moving,0,0
LA,6 secs,2020-03-11 8:47.12am,2020-03-11 8:47.06am,1,4950 Old Dixie Rd [Us-19/Us-41/Ga-3] Forest Park GA 30297,+,+,-,-,-,-,-,3,8,14,0.6,-67,0,0,31,Serial,33.6194629,-84.38323,Moving,0,0
LA,6 secs,2020-03-11 8:46.54am,2020-03-11 8:46.48am,9,4980 Old Dixie Rd [Us-19/Us-41/Ga-3] Forest Park GA 30297,+,+,-,-,-,-,-,3,5,15,0.6,-76,0,0,30,Serial,33.6187682,-84.3832139,Started Moving,1,1
LA,22 secs,2020-03-11 8:46.50am,2020-03-11 8:46.28am,0,4980 Old Dixie Rd [Us-19/Us-41/Ga-3] Forest Park GA 30297,+,+,-,-,-,-,-,3,2,14,0.6,-70,0,0,29,Serial,33.6186422,-84.3832287,Stopped Moving,8,1
LA,9 secs,2020-03-11 8:45.22am,2020-03-11 8:45.13am,7,5284 Old Dixie Hwy [Us-19/Us-41/Ga-3] Forest Park GA 30297,+,+,-,-,-,-,-,3,5,15,0.6,-70,0,0,28,Serial,33.6109777,-84.3821102,Started Moving,0,0
LA,6 secs,2020-03-11 8:45.12am,2020-03-11 8:45.06am,0,206 Agnew Dr Forest Park GA 30297,+,+,-,-,-,-,-,3,0,14,0.6,-69,0,0,27,Serial,33.6109295,-84.3819868,,0,1
LA,5 secs,2020-03-11 8:43.57am,2020-03-11 8:43.52am,2,208 Agnew Dr Forest Park GA 30297,+,+,-,-,-,-,-,3,2,15,0.6,-71,0,0,26,Serial,33.6109348,-84.3819747,Stopped Moving,2,1
LA,6 secs,2020-03-11 8:43.12am,2020-03-11 8:43.06am,12, Forest Park GA 30297,+,+,-,-,-,-,-,3,8,12,0.8,-80,0,0,25,Serial,33.6103608,-84.3805532,Moving,2,0
LA,5 secs,2020-03-11 8:42.52am,2020-03-11 8:42.47am,6, Forest Park GA 30297,+,+,-,-,-,-,-,3,5,13,0.8,-79,0,0,24,Serial,33.6103769,-84.3792349,Started Moving,0,2
LA,6 secs,2020-03-11 8:41.12am,2020-03-11 8:41.06am,0, Forest Park GA 30297,+,+,-,-,-,-,-,3,0,12,0.8,-73,0,0,23,Serial,33.6103729,-84.3791785,,0,2
LA,10 secs,2020-03-11 8:39.16am,2020-03-11 8:39.06am,0, Forest Park GA 30297,+,+,-,-,-,-,-,3,0,13,0.8,-72,0,0,22,Serial,33.6103702,-84.3791812,,0,1
LA,7 secs,2020-03-11 8:38.27am,2020-03-11 8:38.20am,1, Forest Park GA 30297,+,+,-,-,-,-,-,3,2,14,0.6,-79,0,0,21,Serial,33.6103783,-84.3791678,Stopped Moving,1,0
LA,11 secs,2020-03-11 8:37.59am,2020-03-11 8:37.48am,6, Forest Park GA 30297,+,+,-,-,-,-,-,3,5,14,0.8,-72,0,0,20,Serial,33.60952,-84.3785348,Started Moving,1,1
LA,6 secs,2020-03-11 8:37.12am,2020-03-11 8:37.06am,0, Forest Park GA 30297,+,+,-,-,-,-,-,3,0,13,0.8,-72,0,0,19,Serial,33.609347,-84.3784436,,0,2
LA,37 secs,2020-03-11 8:35.43am,2020-03-11 8:35.06am,0, Forest Park GA 30297,+,+,-,-,-,-,-,3,0,15,0.6,-74,0,0,18,Serial,33.6093765,-84.378398,,0,2
LA,53 secs,2020-03-11 8:33.59am,2020-03-11 8:33.06am,0, Forest Park GA 30297,+,+,-,-,-,-,-,3,0,14,0.8,-80,0,0,17,Serial,33.6094046,-84.3785107,,0,0
LA,"1 min, 5 secs",2020-03-11 8:33.58am,2020-03-11 8:32.53am,1, Forest Park GA 30297,+,+,-,-,-,-,-,3,2,15,0.6,-80,0,0,16,Serial,33.6094556,-84.3784704,Stopped Moving,1,1
LA,"1 min, 10 secs",2020-03-11 8:33.48am,2020-03-11 8:32.38am,6, Forest Park GA 30297,+,+,-,-,-,-,-,3,3,15,0.6,-73,0,0,15,Serial,33.6089969,-84.3784141,Roll,2,1
LA,40 secs,2020-03-11 8:32.29am,2020-03-11 8:31.49am,10, Forest Park GA 30297,+,+,-,-,-,-,-,3,5,14,0.6,-78,0,0,14,Serial,33.6091605,-84.3807248,Started Moving,1,0
LA,41 secs,2020-03-11 8:31.48am,2020-03-11 8:31.07am,0, Forest Park GA 30297,+,+,-,-,-,-,-,3,0,12,1.1,-78,0,0,13,Serial,33.609642,-84.3805089,,0,2
LA,23 secs,2020-03-11 8:29.30am,2020-03-11 8:29.07am,0, Forest Park GA 30297,+,+,-,-,-,-,-,3,0,12,0.8,-78,0,0,12,Serial,33.609638,-84.3805559,,0,2
LA,9 secs,2020-03-11 8:27.16am,2020-03-11 8:27.07am,0, Forest Park GA 30297,+,+,-,-,-,-,-,3,0,12,1,-78,0,0,11,Serial,33.6095589,-84.3804513,,5,2
LA,8 secs,2020-03-11 8:25.26am,2020-03-11 8:25.18am,0,411 Springside Dr Forest Park GA 30297,+,+,-,-,-,-,-,3,0,8,1.5,-78,0,0,10,Serial,33.6064757,-84.3766278,,2,3
LA,7 secs,2020-03-11 8:23.15am,2020-03-11 8:23.08am,0,438 Springside Dr Forest Park GA 30297,+,+,-,-,-,-,-,3,0,10,1.2,-78,0,0,9,Serial,33.6067291,-84.3758446,,2,2
LA,7 secs,2020-03-11 8:21.15am,2020-03-11 8:21.08am,0,438 Springside Dr Forest Park GA 30297,+,+,-,-,-,-,-,3,0,9,1.5,-78,0,0,8,Serial,33.6071382,-84.3758271,,0,2
LA,6 secs,2020-03-11 8:19.14am,2020-03-11 8:19.08am,0,438 Springside Dr Forest Park GA 30297,+,+,-,-,-,-,-,3,37,11,0.8,-78,0,0,7,Serial,33.6073058,-84.3756286,Ignition On,0,0
LA,8 secs,2020-03-11 8:19.14am,2020-03-11 8:19.06am,0,438 Springside Dr Forest Park GA 30297,+,+,-,-,-,-,-,3,38,9,1.7,-78,0,0,6,Serial,33.6073474,-84.3755468,Ignition Off,11,0
LA,14 secs,2020-03-11 8:18.49am,2020-03-11 8:19.03am,0,5471 Ash St Forest Park GA 30297,+,+,-,-,-,-,-,3,37,8,1,-78,0,0,5,Serial,33.6050822,-84.3640187,Ignition On,0,0
LA,5 secs,2020-03-11 3:59.54am,2020-03-11 3:59.49am,0,5471 Ash St Forest Park GA 30297,-,-,-,-,-,-,-,3,41,7,1.1,-75,0,0,4,Serial,33.6050232,-84.3640549,Heartbeat,0,0
LA,8 secs,2020-03-10 3:59.05pm,2020-03-10 3:58.57pm,0,5290 Old Dixie Hwy [Us-19/Us-41/Ga-3] Forest Park GA 30297,-,-,-,-,-,-,-,3,0,10,1.1,-71,0,0,3,Serial,33.6096232,-84.3802769,,0,0
LA,46 secs,2020-03-10 3:57.43pm,2020-03-10 3:56.57pm,0,5290 Old Dixie Hwy [Us-19/Us-41/Ga-3] Forest Park GA 30297,-,-,-,-,-,-,-,3,0,9,1.1,-70,0,0,2,Serial,33.6096192,-84.3801683,,0,0
LA,8 secs,2020-03-10 3:55.15pm,2020-03-10 3:55.07pm,0, Forest Park GA 30297,-,-,-,-,-,-,-,1,43,??,0,-77,0,0,1,Serial,33.6096568,-84.3805036,System Reboot,0,0
LA,5 secs,2020-03-10 3:52.17pm,2020-03-10 3:52.12pm,0, Forest Park GA 30297,-,-,-,-,-,-,-,3,38,9,1.2,-66,0,0,649,Serial,33.6096568,-84.3805036,Ignition Off,0,0
LA,5 secs,2020-03-10 3:52.07pm,2020-03-10 3:52.02pm,0, Forest Park GA 30297,+,+,-,-,-,-,-,3,0,10,1,-77,0,0,648,Serial,33.6096527,-84.3805304,,0,2
LA,6 secs,2020-03-10 3:50.07pm,2020-03-10 3:50.01pm,0, Forest Park GA 30297,+,+,-,-,-,-,-,3,0,8,1.2,-77,0,0,647,Serial,33.6096501,-84.380529,,1,2
LA,5 secs,2020-03-10 3:48.07pm,2020-03-10 3:48.02pm,0, Forest Park GA 30297,+,+,-,-,-,-,-,3,0,11,1,-72,0,0,646,Serial,33.609591,-84.3805746,,0,2
LA,24 secs,2020-03-10 3:46.56pm,2020-03-10 3:46.32pm,0, Forest Park GA 30297,+,+,-,-,-,-,-,3,2,14,0.8,-73,0,0,645,Serial,33.6096179,-84.380576,Stopped Moving,1,0
LA,47 secs,2020-03-10 3:46.48pm,2020-03-10 3:46.01pm,9, Forest Park GA 30297,+,+,-,-,-,-,-,3,8,16,0.6,-74,0,0,644,Serial,33.6103474,-84.3805854,Moving,1,0
LA,58 secs,2020-03-10 3:46.43pm,2020-03-10 3:45.45pm,10, Forest Park GA 30297,+,+,-,-,-,-,-,3,5,16,0.6,-68,0,0,643,Serial,33.6103541,-84.3796318,Started Moving,1,2
LA,6 secs,2020-03-10 3:44.07pm,2020-03-10 3:44.01pm,0, Forest Park GA 30297,+,+,-,-,-,-,-,3,0,14,0.8,-80,0,0,642,Serial,33.6104735,-84.3795393,,0,2
LA,9 secs,2020-03-10 3:42.27pm,2020-03-10 3:42.18pm,1, Forest Park GA 30297,+,+,-,-,-,-,-,3,2,15,0.6,-80,0,0,641,Serial,33.6104976,-84.3795608,Stopped Moving,1,0
LA,6 secs,2020-03-10 3:42.07pm,2020-03-10 3:42.01pm,10, Forest Park GA 30297,+,+,-,-,-,-,-,3,8,15,0.6,-73,0,0,640,Serial,33.6103447,-84.3791222,Moving,4,2
LA,7 secs,2020-03-10 3:40.47pm,2020-03-10 3:40.40pm,9, Forest Park GA 30297,+,+,-,-,-,-,-,3,5,14,0.8,-77,0,0,639,Serial,33.6095294,-84.3806484,Started Moving,1,1
LA,8 secs,2020-03-10 3:40.03pm,2020-03-10 3:39.55pm,1, Forest Park GA 30297,+,+,-,-,-,-,-,3,2,13,0.8,-77,0,0,638,Serial,33.6096273,-84.3805733,Stopped Moving,0,0
LA,6 secs,2020-03-10 3:39.53pm,2020-03-10 3:39.47pm,7, Forest Park GA 30297,+,+,-,-,-,-,-,3,8,14,0.8,-74,0,0,637,Serial,33.6096581,-84.3807745,Moving,12,2
LA,5 secs,2020-03-10 3:37.52pm,2020-03-10 3:37.47pm,15,Old Dixie Rd [Us-19/Us-41/Ga-3] Forest Park GA 30297,+,+,-,-,-,-,-,3,8,16,0.6,-70,0,0,636,Serial,33.6196198,-84.3833454,Moving,1,1
LA,5 secs,2020-03-10 3:37.42pm,2020-03-10 3:37.37pm,10,216 Forest Pkwy [Ga-331] Forest Park GA 30297,+,+,-,-,-,-,-,3,5,15,0.6,-65,0,0,635,Serial,33.6199591,-84.3828264,Started Moving,0,1
LA,12 secs,2020-03-10 3:36.11pm,2020-03-10 3:35.59pm,2,218 Forest Pkwy [Ga-331] Forest Park GA 30297,+,+,-,-,-,-,-,3,2,15,0.6,-67,0,0,634,Serial,33.6199859,-84.3826694,Stopped Moving,1,0
LA,18 secs,2020-03-10 3:36.05pm,2020-03-10 3:35.47pm,13,234 Forest Pkwy [Ga-331] Forest Park GA 30297,+,+,-,-,-,-,-,3,8,16,0.6,-68,0,0,633,Serial,33.6200919,-84.3822255,Moving,5,1
LA,57 secs,2020-03-10 3:35.49pm,2020-03-10 3:34.52pm,7,420 Forest Pkwy [Ga-331] Forest Park GA 30297,+,+,-,-,-,-,-,3,5,13,0.8,-80,0,0,632,Serial,33.6206739,-84.3762321,Started Moving,1,1
LA,6 secs,2020-03-10 3:34.32pm,2020-03-10 3:34.26pm,0,420 Forest Pkwy [Ga-331] Forest Park GA 30297,+,+,-,-,-,-,-,3,2,12,0.8,-77,0,0,631,Serial,33.620678,-84.3761342,Stopped Moving,3,0
LA,9 secs,2020-03-10 3:33.56pm,2020-03-10 3:33.47pm,37,534 Forest Pkwy [Ga-331] Forest Park GA 30297,+,+,-,-,-,-,-,3,8,17,0.6,-69,0,0,630,Serial,33.6217696,-84.3721364,Moving,11,2
LA,5 secs,2020-03-10 3:32.42pm,2020-03-10 3:32.37pm,9,Forest Pkwy [Ga-331] Forest Park GA 30297,+,+,-,-,-,-,-,3,5,15,0.6,-67,0,0,629,Serial,33.6190727,-84.3613539,Started Moving,0,0
LA,7 secs,2020-03-10 3:32.17pm,2020-03-10 3:32.10pm,0,Forest Pkwy [Ga-331] Forest Park GA 30297,+,+,-,-,-,-,-,3,2,15,0.6,-66,0,0,628,Serial,33.6190177,-84.3612453,Stopped Moving,2,0
LA,5 secs,2020-03-10 3:31.52pm,2020-03-10 3:31.47pm,29,946 Forest Pkwy [Ga-331] Forest Park GA 30297,+,+,-,-,-,-,-,3,8,14,0.8,-54,0,0,627,Serial,33.6185148,-84.3593128,Moving,11,2
LA,7 secs,2020-03-10 3:30.38pm,2020-03-10 3:30.31pm,9,1270 Forest Pkwy Morrow GA 30260,+,+,-,-,-,-,-,3,5,15,0.6,-59,0,0,626,Serial,33.61425,-84.3489058,Started Moving,0,0
LA,4 secs,2020-03-10 3:30.06pm,2020-03-10 3:30.02pm,1,1270 Forest Pkwy Morrow GA 30260,+,+,-,-,-,-,-,3,2,16,0.6,-55,0,0,625,Serial,33.6142111,-84.3488495,Stopped Moving,1,0
LA,6 secs,2020-03-10 3:29.53pm,2020-03-10 3:29.47pm,9,1270 Forest Pkwy Morrow GA 30260,+,+,-,-,-,-,-,3,8,16,0.6,-53,0,0,624,Serial,33.6140314,-84.3484793,Moving,1,1
LA,4 secs,2020-03-10 3:29.31pm,2020-03-10 3:29.27pm,10,Forest Pkwy Morrow GA 30260,+,+,-,-,-,-,-,3,5,17,0.6,-53,0,0,623,Serial,33.6134963,-84.3472804,Started Moving,1,1
LA,2 secs,2020-03-10 3:28.26pm,2020-03-10 3:28.24pm,1,1286 Forest Pkwy Morrow GA 30260,+,+,-,-,-,-,-,3,2,15,0.6,-51,0,0,622,Serial,33.6136425,-84.3476639,Stopped Moving,3,0
LA,5 secs,2020-03-10 3:27.52pm,2020-03-10 3:27.47pm,12,Forest Pkwy [Ga-331] Morrow GA 30260,+,+,-,-,-,-,-,3,8,15,0.6,-53,0,0,621,Serial,33.6148669,-84.3503569,Moving,0,0
LA,6 secs,2020-03-10 3:27.52pm,2020-03-10 3:27.46pm,5,Forest Pkwy [Ga-331] Morrow GA 30260,+,+,-,-,-,-,-,3,5,15,0.6,-53,0,0,620,Serial,33.6149273,-84.3504481,Started Moving,0,1
LA,5 secs,2020-03-10 3:27.28pm,2020-03-10 3:27.23pm,2,Forest Pkwy [Ga-331] Morrow GA 30260,+,+,-,-,-,-,-,3,2,14,0.8,-53,0,0,619,Serial,33.6149595,-84.3505098,Stopped Moving,14,1
LA,3 secs,2020-03-10 3:25.51pm,2020-03-10 3:25.48pm,37,Forest Pkwy [Ga-331] Forest Park GA 30297,+,+,-,-,-,-,-,3,8,19,0.6,-69,0,0,618,Serial,33.6198478,-84.3641166,Moving,19,3
LA,7 secs,2020-03-10 3:23.42pm,2020-03-10 3:23.35pm,9,4960 Old Dixie Hwy [Us-19/Us-41/Ga-3] Forest Park GA 30297,+,+,-,-,-,-,-,3,5,15,0.6,-73,0,0,617,Serial,33.6191504,-84.3831817,Started Moving,0,0
LA,6 secs,2020-03-10 3:23.36pm,2020-03-10 3:23.30pm,0,4962 Old Dixie Hwy [Us-19/Us-41/Ga-3] Forest Park GA 30297,+,+,-,-,-,-,-,3,0,15,0.6,-73,0,0,616,Serial,33.6190499,-84.3831804,,0,0
LA,6 secs,2020-03-10 3:23.26pm,2020-03-10 3:23.20pm,0,4962 Old Dixie Hwy [Us-19/Us-41/Ga-3] Forest Park GA 30297,+,+,-,-,-,-,-,3,2,16,0.6,-73,0,0,615,Serial,33.619082,-84.3832032,Stopped Moving,3,2
LA,6 secs,2020-03-10 3:22.41pm,2020-03-10 3:22.35pm,7,5042 Old Dixie Rd [Us-19/Us-41/Ga-3] Forest Park GA 30297,+,+,-,-,-,-,-,3,5,16,0.6,-66,0,0,614,Serial,33.6168947,-84.3833252,Started Moving,2,1
LA,8 secs,2020-03-10 3:21.31pm,2020-03-10 3:21.23pm,1, Forest Park GA 30297,+,+,-,-,-,-,-,3,0,16,0.6,-63,0,0,613,Serial,33.6168035,-84.3842251,,0,2
LA,3 secs,2020-03-10 3:19.27pm,2020-03-10 3:19.24pm,0, Forest Park GA 30297,+,+,-,-,-,-,-,3,0,10,1.2,-70,0,0,612,Serial,33.61677,-84.3842466,,0,2
LA,3 secs,2020-03-10 3:17.27pm,2020-03-10 3:17.24pm,0, Forest Park GA 30297,+,+,-,-,-,-,-,3,0,11,0.8,-69,0,0,611,Serial,33.616774,-84.3842278,,0,2
LA,3 secs,2020-03-10 3:15.26pm,2020-03-10 3:15.23pm,0, Forest Park GA 30297,+,+,-,-,-,-,-,3,0,17,0.6,-75,0,0,610,Serial,33.6168263,-84.3842452,,0,2
LA,43 secs,2020-03-10 3:14.06pm,2020-03-10 3:13.23pm,0, Forest Park GA 30297,+,+,-,-,-,-,-,3,0,16,0.6,-63,0,0,609,Serial,33.6168276,-84.3842493,,0,2
LA,3 secs,2020-03-10 3:11.26pm,2020-03-10 3:11.23pm,0, Forest Park GA 30297,+,+,-,-,-,-,-,3,0,15,0.6,-75,0,0,608,Serial,33.6168236,-84.3842506,,0,2
LA,2 secs,2020-03-10 3:09.26pm,2020-03-10 3:09.24pm,0, Forest Park GA 30297,+,+,-,-,-,-,-,3,0,15,0.6,-69,0,0,607,Serial,33.6168357,-84.3842841,,0,2
LA,2 secs,2020-03-10 3:07.26pm,2020-03-10 3:07.24pm,0, Forest Park GA 30297,+,+,-,-,-,-,-,3,0,15,0.6,-75,0,0,606,Serial,33.6168384,-84.3842975,,1,2
LA,3 secs,2020-03-10 3:05.26pm,2020-03-10 3:05.23pm,0, Forest Park GA 30297,+,+,-,-,-,-,-,3,0,15,0.6,-74,0,0,605,Serial,33.6168759,-84.3842426,,0,2
LA,6 secs,2020-03-10 3:03.29pm,2020-03-10 3:03.23pm,0, Forest Park GA 30297,+,+,-,-,-,-,-,3,0,15,0.6,-63,0,0,604,Serial,33.6168773,-84.3842426,,0,2
LA,3 secs,2020-03-10 3:01.26pm,2020-03-10 3:01.23pm,0, Forest Park GA 30297,+,+,-,-,-,-,-,3,0,14,0.8,-75,0,0,603,Serial,33.6168692,-84.3842426,,0,2
LA,5 secs,2020-03-10 2:59.28pm,2020-03-10 2:59.23pm,0, Forest Park GA 30297,+,+,-,-,-,-,-,3,0,13,0.8,-70,0,0,602,Serial,33.6168196,-84.3842399,,0,2
LA,4 secs,2020-03-10 2:57.28pm,2020-03-10 2:57.24pm,0, Forest Park GA 30297,+,+,-,-,-,-,-,3,0,11,0.8,-69,0,0,601,Serial,33.6168263,-84.3842211,,0,2
LA,3 secs,2020-03-10 2:55.26pm,2020-03-10 2:55.23pm,0, Forest Park GA 30297,+,+,-,-,-,-,-,3,0,14,0.6,-68,0,0,600,Serial,33.6168263,-84.3842278,,0,2
LA,2 secs,2020-03-10 2:53.26pm,2020-03-10 2:53.24pm,0, Forest Park GA 30297,+,+,-,-,-,-,-,3,0,13,0.8,-69,0,0,599,Serial,33.6168263,-84.3842278,,0,2
LA,51 secs,2020-03-10 2:52.14pm,2020-03-10 2:51.23pm,0, Forest Park GA 30297,+,+,-,-,-,-,-,3,0,13,0.8,-69,0,0,598,Serial,33.6168263,-84.3842265,,0,2
LA,2 secs,2020-03-10 2:49.25pm,2020-03-10 2:49.23pm,0, Forest Park GA 30297,+,+,-,-,-,-,-,3,0,18,0.6,-69,0,0,597,Serial,33.616825,-84.3842265,,0,2
LA,2 secs,2020-03-10 2:47.26pm,2020-03-10 2:47.24pm,0, Forest Park GA 30297,+,+,-,-,-,-,-,3,0,17,0.6,-69,0,0,596,Serial,33.6168504,-84.3842198,,0,2
LA,3 secs,2020-03-10 2:45.26pm,2020-03-10 2:45.23pm,0, Forest Park GA 30297,+,+,-,-,-,-,-,3,0,13,0.6,-69,0,0,595,Serial,33.6168719,-84.3842198,,0,3
LA,4 secs,2020-03-10 2:43.27pm,2020-03-10 2:43.23pm,0, Forest Park GA 30297,+,+,-,-,-,-,-,3,0,18,0.6,-69,0,0,594,Serial,33.6168183,-84.3842157,,0,2
LA,12 secs,2020-03-10 2:41.35pm,2020-03-10 2:41.23pm,0, Forest Park GA 30297,+,+,-,-,-,-,-,3,0,16,0.6,-69,0,0,593,Serial,33.6168156,-84.3841809,,0,2
LA,5 secs,2020-03-10 2:39.27pm,2020-03-10 2:39.22pm,0, Forest Park GA 30297,+,+,-,-,-,-,-,3,0,17,0.6,-68,0,0,592,Serial,33.6168169,-84.3842037,,0,2
LA,3 secs,2020-03-10 2:37.26pm,2020-03-10 2:37.23pm,0, Forest Park GA 30297,+,+,-,-,-,-,-,3,0,14,0.6,-70,0,0,591,Serial,33.6167606,-84.3842171,,0,2
LA,5 secs,2020-03-10 2:35.27pm,2020-03-10 2:35.22pm,0, Forest Park GA 30297,+,+,-,-,-,-,-,3,0,17,0.6,-63,0,0,590,Serial,33.6167807,-84.384197,,0,2
LA,41 secs,2020-03-10 2:34.04pm,2020-03-10 2:33.23pm,0, Forest Park GA 30297,+,+,-,-,-,-,-,3,0,15,0.6,-63,0,0,589,Serial,33.6167847,-84.3841943,,0,2
LA,"1 min, 49 secs",2020-03-10 2:33.11pm,2020-03-10 2:31.22pm,0, Forest Park GA 30297,+,+,-,-,-,-,-,3,0,14,0.6,-67,0,0,588,Serial,33.6167619,-84.3842037,,0,2
LA,"2 mins, 40 secs",2020-03-10 2:32.02pm,2020-03-10 2:29.22pm,0, Forest Park GA 30297,+,+,-,-,-,-,-,3,0,15,0.6,-56,0,0,587,Serial,33.6167472,-84.3842117,,1,2
LA,55 secs,2020-03-10 2:28.17pm,2020-03-10 2:27.22pm,0, Forest Park GA 30297,+,+,-,-,-,-,-,3,0,13,0.6,-67,0,0,586,Serial,33.6167753,-84.3841728,,0,2
LA,4 secs,2020-03-10 2:25.26pm,2020-03-10 2:25.22pm,0, Forest Park GA 30297,+,+,-,-,-,-,-,3,0,17,0.6,-69,0,0,585,Serial,33.6167633,-84.3841996,,0,2
LA,4 secs,2020-03-10 2:23.26pm,2020-03-10 2:23.22pm,0, Forest Park GA 30297,+,+,-,-,-,-,-,3,0,17,0.6,-63,0,0,584,Serial,33.616774,-84.3841916,,0,2
LA,7 secs,2020-03-10 2:21.29pm,2020-03-10 2:21.22pm,0, Forest Park GA 30297,+,+,-,-,-,-,-,3,0,17,0.6,-63,0,0,583,Serial,33.616774,-84.3841916,,0,2
LA,20 secs,2020-03-10 2:19.42pm,2020-03-10 2:19.22pm,0, Forest Park GA 30297,+,+,-,-,-,-,-,3,0,16,0.6,-57,0,0,582,Serial,33.6167619,-84.3842278,,0,2
LA,7 secs,2020-03-10 2:17.29pm,2020-03-10 2:17.22pm,0, Forest Park GA 30297,+,+,-,-,-,-,-,3,0,16,0.6,-69,0,0,581,Serial,33.6167633,-84.3842278,,0,2
LA,7 secs,2020-03-10 2:15.29pm,2020-03-10 2:15.22pm,0, Forest Park GA 30297,+,+,-,-,-,-,-,3,0,14,0.6,-63,0,0,580,Serial,33.6167619,-84.3842291,,0,2
LA,7 secs,2020-03-10 2:13.29pm,2020-03-10 2:13.22pm,0, Forest Park GA 30297,+,+,-,-,-,-,-,3,0,14,0.6,-63,0,0,579,Serial,33.6167606,-84.3842332,,0,2
LA,7 secs,2020-03-10 2:11.29pm,2020-03-10 2:11.22pm,0, Forest Park GA 30297,+,+,-,-,-,-,-,3,0,16,0.6,-69,0,0,578,Serial,33.6167592,-84.3842359,,0,2
LA,4 secs,2020-03-10 2:09.27pm,2020-03-10 2:09.23pm,0, Forest Park GA 30297,+,+,-,-,-,-,-,3,0,16,0.6,-67,0,0,577,Serial,33.6167794,-84.384201,,0,2
LA,"1 min, 2 secs",2020-03-10 2:08.24pm,2020-03-10 2:07.22pm,0, Forest Park GA 30297,+,+,-,-,-,-,-,3,0,14,0.6,-69,0,0,576,Serial,33.6167753,-84.3842104,,0,2
LA,7 secs,2020-03-10 2:05.29pm,2020-03-10 2:05.22pm,0, Forest Park GA 30297,+,+,-,-,-,-,-,3,0,15,0.6,-68,0,0,575,Serial,33.6167713,-84.3842426,,0,2
LA,8 secs,2020-03-10 2:03.30pm,2020-03-10 2:03.22pm,0, Forest Park GA 30297,+,+,-,-,-,-,-,3,0,16,0.6,-69,0,0,574,Serial,33.6167539,-84.3842251,,0,2
LA,5 secs,2020-03-10 2:01.27pm,2020-03-10 2:01.22pm,0, Forest Park GA 30297,+,+,-,-,-,-,-,3,0,16,0.6,-69,0,0,573,Serial,33.6167619,-84.3842077,,0,2
LA,5 secs,2020-03-10 1:59.27pm,2020-03-10 1:59.22pm,0, Forest Park GA 30297,+,+,-,-,-,-,-,3,0,15,0.6,-62,0,0,572,Serial,33.6167619,-84.3842077,,0,2
LA,21 secs,2020-03-10 1:57.43pm,2020-03-10 1:57.22pm,0, Forest Park GA 30297,+,+,-,-,-,-,-,3,0,15,0.6,-62,0,0,571,Serial,33.6167606,-84.3842077,,0,2
LA,6 secs,2020-03-10 1:55.28pm,2020-03-10 1:55.22pm,0, Forest Park GA 30297,+,+,-,-,-,-,-,3,0,15,0.6,-63,0,0,570,Serial,33.6167767,-84.3842104,,0,2
LA,6 secs,2020-03-10 1:53.28pm,2020-03-10 1:53.22pm,0, Forest Park GA 30297,+,+,-,-,-,-,-,3,0,16,0.6,-62,0,0,569,Serial,33.6167753,-84.384209,,0,2
LA,3 secs,2020-03-10 1:51.26pm,2020-03-10 1:51.23pm,0, Forest Park GA 30297,+,+,-,-,-,-,-,3,0,15,0.6,-57,0,0,568,Serial,33.6167767,-84.3841916,,0,2
LA,4 secs,2020-03-10 1:49.26pm,2020-03-10 1:49.22pm,0, Forest Park GA 30297,+,+,-,-,-,-,-,3,0,15,0.6,-64,0,0,567,Serial,33.6167566,-84.3842184,,0,2
LA,5 secs,2020-03-10 1:47.27pm,2020-03-10 1:47.22pm,0, Forest Park GA 30297,+,+,-,-,-,-,-,3,0,14,0.6,-70,0,0,566,Serial,33.6167512,-84.3842184,,0,2
LA,5 secs,2020-03-10 1:45.27pm,2020-03-10 1:45.22pm,0, Forest Park GA 30297,+,+,-,-,-,-,-,3,0,13,0.6,-69,0,0,565,Serial,33.6167499,-84.3842318,,0,2
LA,7 secs,2020-03-10 1:43.29pm,2020-03-10 1:43.22pm,0, Forest Park GA 30297,+,+,-,-,-,-,-,3,0,14,0.6,-70,0,0,564,Serial,33.6167512,-84.3842278,,0,2
LA,7 secs,2020-03-10 1:41.29pm,2020-03-10 1:41.22pm,0, Forest Park GA 30297,+,+,-,-,-,-,-,3,0,17,0.6,-69,0,0,563,Serial,33.6167324,-84.3842171,,1,2
LA,4 secs,2020-03-10 1:39.26pm,2020-03-10 1:39.22pm,0, Forest Park GA 30297,+,+,-,-,-,-,-,3,0,17,0.6,-69,0,0,562,Serial,33.6167472,-84.3842426,,0,2
LA,8 secs,2020-03-10 1:37.29pm,2020-03-10 1:37.21pm,0, Forest Park GA 30297,+,+,-,-,-,-,-,3,0,18,0.6,-63,0,0,561,Serial,33.6167472,-84.3842426,,0,2
LA,26 secs,2020-03-10 1:35.48pm,2020-03-10 1:35.22pm,0, Forest Park GA 30297,+,+,-,-,-,-,-,3,0,17,0.6,-64,0,0,560,Serial,33.6167418,-84.3842506,,0,2
LA,7 secs,2020-03-10 1:33.29pm,2020-03-10 1:33.22pm,0, Forest Park GA 30297,+,+,-,-,-,-,-,3,0,17,0.6,-64,0,0,559,Serial,33.6167552,-84.3842667,,0,2
LA,7 secs,2020-03-10 1:31.29pm,2020-03-10 1:31.22pm,0, Forest Park GA 30297,+,+,-,-,-,-,-,3,0,17,0.6,-68,0,0,558,Serial,33.6167525,-84.384268,,0,2
LA,5 secs,2020-03-10 1:29.27pm,2020-03-10 1:29.22pm,0, Forest Park GA 30297,+,+,-,-,-,-,-,3,0,14,0.6,-69,0,0,557,Serial,33.6167432,-84.3842707,,0,2
LA,5 secs,2020-03-10 1:27.27pm,2020-03-10 1:27.22pm,0, Forest Park GA 30297,+,+,-,-,-,-,-,3,0,12,0.8,-68,0,0,556,Serial,33.6167391,-84.3842734,,0,2
LA,6 secs,2020-03-10 1:25.28pm,2020-03-10 1:25.22pm,0, Forest Park GA 30297,+,+,-,-,-,-,-,3,0,15,0.6,-57,0,0,555,Serial,33.6167364,-84.3842882,,0,2
LA,6 secs,2020-03-10 1:23.28pm,2020-03-10 1:23.22pm,0, Forest Park GA 30297,+,+,-,-,-,-,-,3,0,13,0.8,-57,0,0,554,Serial,33.6167364,-84.3843069,,0,2
LA,7 secs,2020-03-10 1:21.28pm,2020-03-10 1:21.21pm,0, Forest Park GA 30297,+,+,-,-,-,-,-,3,0,13,0.6,-63,0,0,553,Serial,33.6167338,-84.3843338,,0,2
LA,7 secs,2020-03-10 1:19.28pm,2020-03-10 1:19.21pm,0, Forest Park GA 30297,+,+,-,-,-,-,-,3,0,12,0.8,-69,0,0,552,Serial,33.6167928,-84.384268,,0,2
LA,7 secs,2020-03-10 1:17.28pm,2020-03-10 1:17.21pm,0, Forest Park GA 30297,+,+,-,-,-,-,-,3,0,13,0.8,-64,0,0,551,Serial,33.616774,-84.3842278,,0,2
LA,6 secs,2020-03-10 1:15.28pm,2020-03-10 1:15.22pm,0, Forest Park GA 30297,+,+,-,-,-,-,-,3,0,13,0.8,-63,0,0,550,Serial,33.61677,-84.3842318,,0,2
LA,25 secs,2020-03-10 1:13.48pm,2020-03-10 1:13.23pm,0, Forest Park GA 30297,+,+,-,-,-,-,-,3,0,15,0.6,-58,0,0,549,Serial,33.6167727,-84.3842305,,0,2
LA,7 secs,2020-03-10 1:11.28pm,2020-03-10 1:11.21pm,0, Forest Park GA 30297,+,+,-,-,-,-,-,3,0,14,0.6,-68,0,0,548,Serial,33.6167888,-84.3842788,,0,2
LA,6 secs,2020-03-10 1:09.28pm,2020-03-10 1:09.22pm,0, Forest Park GA 30297,+,+,-,-,-,-,-,3,0,13,0.8,-62,0,0,547,Serial,33.6167901,-84.3842814,,0,2
LA,6 secs,2020-03-10 1:07.28pm,2020-03-10 1:07.22pm,0, Forest Park GA 30297,+,+,-,-,-,-,-,3,0,15,0.6,-69,0,0,546,Serial,33.6167901,-84.3842828,,0,2
LA,6 secs,2020-03-10 1:05.28pm,2020-03-10 1:05.22pm,0, Forest Park GA 30297,+,+,-,-,-,-,-,3,0,17,0.6,-64,0,0,545,Serial,33.6167619,-84.3842989,,0,2
LA,7 secs,2020-03-10 1:03.28pm,2020-03-10 1:03.21pm,0, Forest Park GA 30297,+,+,-,-,-,-,-,3,0,15,0.6,-63,0,0,544,Serial,33.616766,-84.3842868,,0,2
LA,6 secs,2020-03-10 1:01.28pm,2020-03-10 1:01.22pm,0, Forest Park GA 30297,+,+,-,-,-,-,-,3,0,15,0.6,-58,0,0,543,Serial,33.6167901,-84.3842251,,0,2
LA,6 secs,2020-03-10 12:59.28pm,2020-03-10 12:59.22pm,0, Forest Park GA 30297,+,+,-,-,-,-,-,3,0,12,0.8,-69,0,0,542,Serial,33.616766,-84.384209,,0,2
LA,6 secs,2020-03-10 12:57.28pm,2020-03-10 12:57.22pm,0, Forest Park GA 30297,+,+,-,-,-,-,-,3,0,14,0.6,-68,0,0,541,Serial,33.6167727,-84.3842265,,0,2
LA,7 secs,2020-03-10 12:55.28pm,2020-03-10 12:55.21pm,0, Forest Park GA 30297,+,+,-,-,-,-,-,3,0,15,0.6,-69,0,0,540,Serial,33.61677,-84.3842251,,0,2
LA,6 secs,2020-03-10 12:53.28pm,2020-03-10 12:53.22pm,0, Forest Park GA 30297,+,+,-,-,-,-,-,3,0,15,0.6,-70,0,0,539,Serial,33.6167485,-84.3842238,,0,0
LA,6 secs,2020-03-10 12:53.03pm,2020-03-10 12:52.57pm,2, Forest Park GA 30297,+,+,-,-,-,-,-,3,2,15,0.6,-71,0,0,538,Serial,33.6167378,-84.3842144,Stopped Moving,8,1
LA,6 secs,2020-03-10 12:52.00pm,2020-03-10 12:51.54pm,9,5286 Old Dixie Hwy [Us-19/Us-41/Ga-3] Forest Park GA 30297,+,+,-,-,-,-,-,3,5,16,0.6,-65,0,0,537,Serial,33.6109576,-84.3821303,Started Moving,0,0
LA,15 secs,2020-03-10 12:51.55pm,2020-03-10 12:51.40pm,6,203 Agnew Dr Forest Park GA 30297,+,+,-,-,-,-,-,3,2,13,0.6,-69,0,0,536,Serial,33.6108745,-84.3820391,Stopped Moving,1,1
LA,31 secs,2020-03-10 12:51.52pm,2020-03-10 12:51.21pm,14,256 Agnew Dr Forest Park GA 30297,+,+,-,-,-,-,-,3,8,15,0.6,-73,0,0,535,Serial,33.6109134,-84.3810843,Moving,6,2
LA,7 secs,2020-03-10 12:49.43pm,2020-03-10 12:49.36pm,10, Forest Park GA 30297,+,+,-,-,-,-,-,3,5,12,0.8,-81,0,0,534,Serial,33.6088521,-84.3799269,Started Moving,0,0
LA,5 secs,2020-03-10 12:49.27pm,2020-03-10 12:49.22pm,0, Forest Park GA 30297,+,+,-,-,-,-,-,3,0,14,0.6,-81,0,0,533,Serial,33.6088829,-84.3802072,,0,2
LA,5 secs,2020-03-10 12:47.27pm,2020-03-10 12:47.22pm,0, Forest Park GA 30297,+,+,-,-,-,-,-,3,0,10,1,-77,0,0,532,Serial,33.6088709,-84.3802112,,0,2
LA,5 secs,2020-03-10 12:45.27pm,2020-03-10 12:45.22pm,0, Forest Park GA 30297,+,+,-,-,-,-,-,3,0,14,0.6,-76,0,0,531,Serial,33.6089098,-84.3802353,,0,2
LA,5 secs,2020-03-10 12:43.27pm,2020-03-10 12:43.22pm,0, Forest Park GA 30297,+,+,-,-,-,-,-,3,0,9,1.1,-79,0,0,530,Serial,33.6089352,-84.3802568,,0,2
LA,7 secs,2020-03-10 12:42.09pm,2020-03-10 12:42.02pm,3, Forest Park GA 30297,+,+,-,-,-,-,-,3,2,14,0.8,-79,0,0,529,Serial,33.6089567,-84.3802648,Stopped Moving,3,1
LA,7 secs,2020-03-10 12:41.19pm,2020-03-10 12:41.12pm,20,235 Agnew Dr Forest Park GA 30297,+,+,-,-,-,-,-,3,8,18,0.6,-73,0,0,528,Serial,33.6108584,-84.3813914,Moving,18,2
LA,7 secs,2020-03-10 12:39.19pm,2020-03-10 12:39.12pm,40,Forest Pkwy [Ga-331] Forest Park GA 30297,+,+,-,-,-,-,-,3,8,18,0.6,-49,0,0,527,Serial,33.6184745,-84.3909146,Moving,5,0
LA,7 secs,2020-03-10 12:38.39pm,2020-03-10 12:38.32pm,7,Forest Pkwy [Ga-331] Forest Park GA 30297,+,+,-,-,-,-,-,3,5,18,0.6,-48,0,0,526,Serial,33.6179676,-84.3964439,Started Moving,0,1
LA,6 secs,2020-03-10 12:37.33pm,2020-03-10 12:37.27pm,1,Forest Pkwy [Ga-331] Forest Park GA 30297,+,+,-,-,-,-,-,3,2,18,0.6,-49,0,0,525,Serial,33.6179649,-84.3965271,Stopped Moving,1,1
LA,7 secs,2020-03-10 12:37.19pm,2020-03-10 12:37.12pm,29,Forest Pkwy [Ga-331] Forest Park GA 30297,+,+,-,-,-,-,-,3,8,17,0.6,-64,0,0,524,Serial,33.6177275,-84.3975852,Moving,6,0
LA,10 secs,2020-03-10 12:36.39pm,2020-03-10 12:36.29pm,5,Sullivan Rd Forest Park GA 30297,+,+,-,-,-,-,-,3,5,16,0.6,-66,0,0,523,Serial,33.6151647,-84.4031039,Started Moving,0,2
LA,7 secs,2020-03-10 12:35.19pm,2020-03-10 12:35.12pm,0,Sullivan Rd Forest Park GA 30297,+,+,-,-,-,-,-,3,0,15,0.6,-68,0,0,522,Serial,33.6151714,-84.4031481,,0,1
LA,7 secs,2020-03-10 12:34.17pm,2020-03-10 12:34.10pm,1,Sullivan Rd Forest Park GA 30297,+,+,-,-,-,-,-,3,2,17,0.6,-67,0,0,521,Serial,33.6151593,-84.4031508,Stopped Moving,1,0
LA,7 secs,2020-03-10 12:34.04pm,2020-03-10 12:33.57pm,3,Sullivan Rd Forest Park GA 30297,+,+,-,-,-,-,-,3,5,17,0.6,-69,0,0,520,Serial,33.6152867,-84.4037355,Started Moving,0,0
LA,9 secs,2020-03-10 12:33.25pm,2020-03-10 12:33.16pm,1,Sullivan Rd Forest Park GA 30297,+,+,-,-,-,-,-,3,2,16,0.6,-69,0,0,519,Serial,33.6153109,-84.4037623,Stopped Moving,0,1
LA,7 secs,2020-03-10 12:33.19pm,2020-03-10 12:33.12pm,6,Sullivan Rd Forest Park GA 30297,+,+,-,-,-,-,-,3,8,16,0.6,-69,0,0,518,Serial,33.6153269,-84.4038133,Moving,12,2
LA,5 secs,2020-03-10 12:31.39pm,2020-03-10 12:31.34pm,23,Clark Howell Hwy Atlanta GA 30349,+,+,-,-,-,-,-,3,3,18,0.6,-55,0,0,517,Serial,33.6228076,-84.4085326,Roll,2,0
LA,4 secs,2020-03-10 12:31.23pm,2020-03-10 12:31.19pm,9,4805 Clark Howell Hwy Atlanta GA 30349,+,+,-,-,-,-,-,3,5,16,0.6,-70,0,0,516,Serial,33.6241273,-84.4088089,Started Moving,0,0
LA,7 secs,2020-03-10 12:31.09pm,2020-03-10 12:31.02pm,5,612 Terrell Mill Rd Atlanta GA 30349,+,+,-,-,-,-,-,3,0,16,0.6,-69,0,0,515,Serial,33.6240736,-84.4090034,,0,2
LA,53 secs,2020-03-10 12:29.47pm,2020-03-10 12:28.54pm,0,614 Terrell Mill Rd Atlanta GA 30349,+,+,-,-,-,-,-,3,37,18,0.6,-68,0,0,514,Serial,33.6240254,-84.4090114,Ignition On,0,0
LA,6 secs,2020-03-10 12:16.53pm,2020-03-10 12:16.47pm,0,614 Terrell Mill Rd Atlanta GA 30349,-,-,-,-,-,-,-,3,0,17,0.6,-67,0,0,513,Serial,33.6240254,-84.4090114,,0,0
LA,6 secs,2020-03-10 12:14.54pm,2020-03-10 12:14.48pm,0,612 Terrell Mill Rd Atlanta GA 30349,-,-,-,-,-,-,-,3,0,15,0.6,-67,0,0,512,Serial,33.6240106,-84.4090101,,0,0
LA,6 secs,2020-03-10 12:12.53pm,2020-03-10 12:12.47pm,0,4805 Clark Howell Hwy Atlanta GA 30349,-,-,-,-,-,-,-,3,38,15,0.6,-68,0,0,511,Serial,33.6240119,-84.4089457,Ignition Off,1,2
LA,5 secs,2020-03-10 12:11.38pm,2020-03-10 12:11.33pm,2,4820 Clark Howell Hwy Atlanta GA 30349,+,+,-,-,-,-,-,3,2,15,0.6,-67,0,0,510,Serial,33.6237437,-84.4086949,Stopped Moving,2,0
LA,6 secs,2020-03-10 12:11.10pm,2020-03-10 12:11.04pm,7,4872 Clark Howell Hwy Atlanta GA 30349,+,+,-,-,-,-,-,3,5,17,0.6,-64,0,0,509,Serial,33.6217508,-84.4085796,Started Moving,0,0
LA,7 secs,2020-03-10 12:11.04pm,2020-03-10 12:10.57pm,0,4891 Clark Howell Hwy Atlanta GA 30349,+,+,-,-,-,-,-,3,2,17,0.6,-64,0,0,508,Serial,33.6217012,-84.4085393,Stopped Moving,0,0
LA,4 secs,2020-03-10 12:10.58pm,2020-03-10 12:10.54pm,12,4891 Clark Howell Hwy Atlanta GA 30349,+,+,-,-,-,-,-,3,8,17,0.6,-64,0,0,507,Serial,33.6216623,-84.4084669,Moving,10,2
LA,7 secs,2020-03-10 12:09.40pm,2020-03-10 12:09.33pm,10,Forest Pkwy [Ga-331] Forest Park GA 30297,+,+,-,-,-,-,-,3,5,16,0.6,-59,0,0,506,Serial,33.6155026,-84.4024936,Started Moving,0,1
LA,5 secs,2020-03-10 12:08.53pm,2020-03-10 12:08.48pm,1,Forest Pkwy [Ga-331] Forest Park GA 30297,+,+,-,-,-,-,-,3,2,16,0.6,-60,0,0,505,Serial,33.6155576,-84.4023984,Stopped Moving,0,0
LA,6 secs,2020-03-10 12:08.53pm,2020-03-10 12:08.47pm,2,Forest Pkwy [Ga-331] Forest Park GA 30297,+,+,-,-,-,-,-,3,8,16,0.6,-60,0,0,504,Serial,33.6155616,-84.4023971,Moving,7,1
LA,24 secs,2020-03-10 12:08.14pm,2020-03-10 12:07.50pm,6,2 Forest Pkwy [Ga-331] Forest Park GA 30297,+,+,-,-,-,-,-,3,5,16,0.6,-44,0,0,503,Serial,33.6182814,-84.3957761,Started Moving,0,0
LA,37 secs,2020-03-10 12:08.14pm,2020-03-10 12:07.37pm,1,2 Forest Pkwy [Ga-331] Forest Park GA 30297,+,+,-,-,-,-,-,3,2,16,0.6,-46,0,0,502,Serial,33.6182586,-84.3957452,Stopped Moving,5,1
LA,6 secs,2020-03-10 12:06.53pm,2020-03-10 12:06.47pm,36,Forest Pkwy [Ga-331] Forest Park GA 30297,+,+,-,-,-,-,-,3,8,16,0.6,-60,0,0,501,Serial,33.6186542,-84.3909682,Moving,7,1
LA,4 secs,2020-03-10 12:05.58pm,2020-03-10 12:05.54pm,9,4950 Old Dixie Rd [Us-19/Us-41/Ga-3] Forest Park GA 30297,+,+,-,-,-,-,-,3,5,17,0.6,-59,0,0,500,Serial,33.6195917,-84.3833145,Started Moving,0,1
LA,3 secs,2020-03-10 12:05.13pm,2020-03-10 12:05.10pm,0,Old Dixie Rd [Us-19/Us-41/Ga-3] Forest Park GA 30297,+,+,-,-,-,-,-,3,2,17,0.6,-70,0,0,499,Serial,33.6194817,-84.3833199,Stopped Moving,2,0
LA,7 secs,2020-03-10 12:04.53pm,2020-03-10 12:04.46pm,31,5020 Old Dixie Hwy [Us-19/Us-41/Ga-3] Forest Park GA 30297,+,+,-,-,-,-,-,3,8,17,0.6,-72,0,0,498,Serial,33.617643,-84.383285,Moving,8,1
LA,5 secs,2020-03-10 12:03.58pm,2020-03-10 12:03.53pm,7,204 Agnew Dr Forest Park GA 30297,+,+,-,-,-,-,-,3,5,16,0.6,-67,0,0,497,Serial,33.6109509,-84.3820217,Started Moving,0,0
LA,6 secs,2020-03-10 12:03.53pm,2020-03-10 12:03.47pm,2,206 Agnew Dr Forest Park GA 30297,+,+,-,-,-,-,-,3,2,16,0.6,-67,0,0,496,Serial,33.6109389,-84.3819801,Stopped Moving,4,1
LA,7 secs,2020-03-10 12:02.54pm,2020-03-10 12:02.47pm,14, Forest Park GA 30297,+,+,-,-,-,-,-,3,8,17,0.6,-76,0,0,495,Serial,33.6103152,-84.378689,Moving,2,1
LA,9 secs,2020-03-10 12:02.24pm,2020-03-10 12:02.15pm,14, Forest Park GA 30297,+,+,-,-,-,-,-,3,5,16,0.6,-84,0,0,494,Serial,33.6089057,-84.3792376,Started Moving,1,1
LA,7 secs,2020-03-10 12:00.53pm,2020-03-10 12:00.46pm,0, Forest Park GA 30297,+,+,-,-,-,-,-,3,0,10,1,-73,0,0,493,Serial,33.6089084,-84.3800945,,0,5
LA,6 secs,2020-03-10 11:58.53am,2020-03-10 11:58.47am,0, Forest Park GA 30297,+,+,-,-,-,-,-,3,0,10,1,-72,0,0,492,Serial,33.6089393,-84.3800757,,0,9
LA,36 secs,2020-03-10 11:57.10am,2020-03-10 11:56.34am,0, Forest Park GA 30297,+,+,-,-,-,-,-,3,0,11,0.8,-79,0,0,491,Serial,33.6089339,-84.3800945,,0,4
LA,5 secs,2020-03-10 11:54.33am,2020-03-10 11:54.28am,0, Forest Park GA 30297,+,+,-,-,-,-,-,3,0,10,1.2,-79,0,0,490,Serial,33.6089352,-84.3800905,,0,4
LA,5 secs,2020-03-10 11:52.28am,2020-03-10 11:52.23am,2, Forest Park GA 30297,+,+,-,-,-,-,-,3,2,11,1,-72,0,0,489,Serial,33.6089366,-84.3800918,Stopped Moving,1,1
LA,6 secs,2020-03-10 11:52.14am,2020-03-10 11:52.08am,7, Forest Park GA 30297,+,+,-,-,-,-,-,3,8,17,0.6,-68,0,0,488,Serial,33.6089433,-84.3806873,Moving,2,0
LA,3 secs,2020-03-10 11:51.28am,2020-03-10 11:51.25am,9, Forest Park GA 30297,+,+,-,-,-,-,-,3,5,16,0.6,-66,0,0,487,Serial,33.6103233,-84.3796828,Started Moving,1,2
LA,5 secs,2020-03-10 11:50.13am,2020-03-10 11:50.08am,0, Forest Park GA 30297,+,+,-,-,-,-,-,3,0,13,0.8,-65,0,0,486,Serial,33.6102603,-84.3793475,,0,2
LA,5 secs,2020-03-10 11:48.13am,2020-03-10 11:48.08am,0, Forest Park GA 30297,+,+,-,-,-,-,-,3,0,15,0.6,-78,0,0,485,Serial,33.6105177,-84.379369,,0,2
LA,11 secs,2020-03-10 11:46.20am,2020-03-10 11:46.09am,0, Forest Park GA 30297,+,+,-,-,-,-,-,3,0,15,0.6,-74,0,0,484,Serial,33.610507,-84.3793556,,0,1
LA,51 secs,2020-03-10 11:46.02am,2020-03-10 11:45.11am,0, Forest Park GA 30297,+,+,-,-,-,-,-,3,2,16,0.6,-64,0,0,483,Serial,33.6105365,-84.3793462,Stopped Moving,3,1
LA,4 secs,2020-03-10 11:44.13am,2020-03-10 11:44.09am,12, Forest Park GA 30297,+,+,-,-,-,-,-,3,8,13,0.8,-76,0,0,482,Serial,33.6089232,-84.3798209,Moving,3,1
LA,6 secs,2020-03-10 11:43.34am,2020-03-10 11:43.28am,10, Forest Park GA 30297,+,+,-,-,-,-,-,3,5,14,0.6,-78,0,0,481,Serial,33.6103179,-84.3808469,Started Moving,0,0
LA,5 secs,2020-03-10 11:43.09am,2020-03-10 11:43.04am,2, Forest Park GA 30297,+,+,-,-,-,-,-,3,2,17,0.6,-79,0,0,480,Serial,33.6104976,-84.3808415,Stopped Moving,6,1
LA,6 secs,2020-03-10 11:42.14am,2020-03-10 11:42.08am,26,5115 Old Dixie Rd [Us-19/Us-41/Ga-3] Forest Park GA 30297,+,+,-,-,-,-,-,3,8,15,0.6,-62,0,0,479,Serial,33.6146483,-84.3831348,Moving,1,0
LA,5 secs,2020-03-10 11:41.58am,2020-03-10 11:41.53am,9,5086 Old Dixie Hwy [Us-19/Us-41/Ga-3] Forest Park GA 30297,+,+,-,-,-,-,-,3,5,17,0.6,-63,0,0,478,Serial,33.6158781,-84.3833306,Started Moving,0,1
LA,5 secs,2020-03-10 11:41.39am,2020-03-10 11:41.34am,0,5086 Old Dixie Hwy [Us-19/Us-41/Ga-3] Forest Park GA 30297,+,+,-,-,-,-,-,3,2,16,0.6,-61,0,0,477,Serial,33.615972,-84.383344,Stopped Moving,6,0
LA,6 secs,2020-03-10 11:40.49am,2020-03-10 11:40.43am,5,Old Dixie Rd [Us-19/Us-41/Ga-3] Forest Park GA 30297,+,+,-,-,-,-,-,3,5,17,0.6,-61,0,0,476,Serial,33.620521,-84.383348,Started Moving,0,1
LA,5 secs,2020-03-10 11:40.29am,2020-03-10 11:40.24am,2, Forest Park GA 30297,+,+,-,-,-,-,-,3,2,17,0.6,-70,0,0,475,Serial,33.6205626,-84.383336,Stopped Moving,1,0
LA,6 secs,2020-03-10 11:40.14am,2020-03-10 11:40.08am,23,4891 Old Dixie Rd [Us-19/Us-41/Ga-3] Forest Park GA 30297,+,+,-,-,-,-,-,3,8,16,0.6,-69,0,0,474,Serial,33.621425,-84.3835009,Moving,12,3
LA,2 secs,2020-03-10 11:38.33am,2020-03-10 11:38.31am,7,Old Dixie Rd [Us-19/Us-41/Ga-3] Forest Park GA 30297,+,+,-,-,-,-,-,3,5,16,0.6,-74,0,0,473,Serial,33.6312941,-84.3872641,Started Moving,0,0
LA,7 secs,2020-03-10 11:38.29am,2020-03-10 11:38.22am,1,Old Dixie Rd [Us-19/Us-41/Ga-3] Forest Park GA 30297,+,+,-,-,-,-,-,3,2,16,0.6,-70,0,0,472,Serial,33.6313867,-84.3873486,Stopped Moving,2,1
LA,5 secs,2020-03-10 11:37.54am,2020-03-10 11:37.49am,10,Old Dixie Hwy [Us-19/Us-41/Ga-3] Atlanta GA 30354,+,+,-,-,-,-,-,3,8,16,0.6,-69,0,0,471,Serial,33.6330268,-84.3890813,Moving,0,0
LA,8 secs,2020-03-10 11:37.54am,2020-03-10 11:37.46am,9,4474 Old Dixie Hwy [Us-19/Us-41/Ga-3] Atlanta GA 30354,+,+,-,-,-,-,-,3,5,16,0.6,-69,0,0,470,Serial,33.633169,-84.3889874,Started Moving,1,1
LA,4 secs,2020-03-10 11:36.39am,2020-03-10 11:36.35am,0, Atlanta GA 30354,+,+,-,-,-,-,-,3,2,15,0.6,-69,0,0,469,Serial,33.6332709,-84.3888546,Stopped Moving,6,1
LA,5 secs,2020-03-10 11:35.54am,2020-03-10 11:35.49am,49,Ramp 58 Atlanta GA 30354,+,+,-,-,-,-,-,3,8,16,0.6,-70,0,0,468,Serial,33.6364145,-84.3837383,Moving,31,3
LA,4 secs,2020-03-10 11:33.53am,2020-03-10 11:33.49am,64,Bob A Homes Fwy [I-285/Ga-407] Atlanta GA 30354,+,+,-,-,-,-,-,3,8,15,0.6,-75,0,0,467,Serial,33.6578963,-84.3625408,Moving,37,3
LA,4 secs,2020-03-10 11:31.44am,2020-03-10 11:31.40am,64,I-285 [I-285/Ga-407] Atlanta GA 30316,+,+,-,-,-,-,-,3,8,13,0.8,-86,0,0,466,Serial,33.6733472,-84.3278183,Moving,37,3
LA,4 secs,2020-03-10 11:29.33am,2020-03-10 11:29.29am,64,I-285 [I-285/Ga-407] Decatur GA 30034,+,+,-,-,-,-,-,3,8,11,1,-75,0,0,465,Serial,33.6925451,-84.2946447,Moving,36,2
LA,12 secs,2020-03-10 11:27.41am,2020-03-10 11:27.29am,67,I-285 [I-285/Ga-407] Decatur GA 30034,+,+,-,-,-,-,-,3,8,15,0.6,-62,0,0,464,Serial,33.6990843,-84.2577979,Moving,41,3
LA,3 secs,2020-03-10 11:25.13am,2020-03-10 11:25.10am,59,I-285 [I-285/Ga-407] Decatur GA 30032,+,+,-,-,-,-,-,3,8,17,0.6,-76,0,0,463,Serial,33.7284813,-84.2320849,Moving,33,2
LA,57 secs,2020-03-10 11:24.06am,2020-03-10 11:23.09am,59,I-285 [I-285/Ga-407] Decatur GA 30032,+,+,-,-,-,-,-,3,8,18,0.6,-53,0,0,462,Serial,33.7579695,-84.2325449,Moving,32,2
LA,7 secs,2020-03-10 11:21.16am,2020-03-10 11:21.09am,56,I-285 [I-285/Ga-407] Avondale Estates GA 30002,+,+,-,-,-,-,-,3,8,16,0.6,-65,0,0,461,Serial,33.7826512,-84.2454718,Moving,31,4
LA,8 secs,2020-03-10 11:19.15am,2020-03-10 11:19.07am,58,I-285 [I-285/Ga-407] Clarkston GA 30021,+,+,-,-,-,-,-,3,8,16,0.6,-65,0,0,460,Serial,33.8104697,-84.2511379,Moving,33,2
LA,8 secs,2020-03-10 11:17.00am,2020-03-10 11:16.52am,51,I-285 [I-285/Ga-407] Tucker GA 30084,+,+,-,-,-,-,-,3,8,15,0.6,-36,0,0,459,Serial,33.8385766,-84.2484557,Moving,29,2
LA,7 secs,2020-03-10 11:15.00am,2020-03-10 11:14.53am,55,I-285 [I-285/Ga-407] Tucker GA 30084,+,+,-,-,-,-,-,3,8,14,0.6,-46,0,0,458,Serial,33.8650366,-84.2489171,Moving,30,2
LA,30 secs,2020-03-10 11:13.22am,2020-03-10 11:12.52am,41, Atlanta GA 30340,+,+,-,-,-,-,-,3,8,19,0.6,-44,0,0,457,Serial,33.889607,-84.2569449,Moving,13,2
LA,5 secs,2020-03-10 11:10.54am,2020-03-10 11:10.49am,9,I-85 [I-85/Ga-403] Atlanta GA 30340,+,+,-,-,-,-,-,3,8,19,0.6,-62,0,0,456,Serial,33.8973867,-84.2505639,Moving,1,0
LA,8 secs,2020-03-10 11:10.30am,2020-03-10 11:10.22am,10,I-85 [I-85/Ga-403] Atlanta GA 30340,+,+,-,-,-,-,-,3,5,15,0.6,-55,0,0,455,Serial,33.8982799,-84.2491303,Started Moving,1,1
LA,8 secs,2020-03-10 11:10.14am,2020-03-10 11:10.06am,1,I-85 [I-85/Ga-403] Atlanta GA 30340,+,+,-,-,-,-,-,3,2,14,0.8,-48,0,0,454,Serial,33.8985642,-84.2486609,Stopped Moving,2,1
LA,5 secs,2020-03-10 11:08.54am,2020-03-10 11:08.49am,10,I-85 [I-85/Ga-403] Atlanta GA 30340,+,+,-,-,-,-,-,3,8,17,0.6,-56,0,0,453,Serial,33.899916,-84.2464803,Moving,0,0
LA,8 secs,2020-03-10 11:08.54am,2020-03-10 11:08.46am,9,I-85 [I-85/Ga-403] Atlanta GA 30340,+,+,-,-,-,-,-,3,5,17,0.6,-50,0,0,452,Serial,33.8999777,-84.2463408,Started Moving,3,2
LA,7 secs,2020-03-10 11:06.56am,2020-03-10 11:06.49am,0,I-85 [I-85/Ga-403] Atlanta GA 30340,+,+,-,-,-,-,-,3,0,15,0.6,-49,0,0,451,Serial,33.9011767,-84.2443412,,2,2
LA,9 secs,2020-03-10 11:05.14am,2020-03-10 11:05.05am,1,I-85 [I-85/Ga-403] Atlanta GA 30340,+,+,-,-,-,-,-,3,2,16,0.6,-51,0,0,450,Serial,33.9023032,-84.2424503,Stopped Moving,0,0
LA,7 secs,2020-03-10 11:04.56am,2020-03-10 11:04.49am,6,I-85 [I-85/Ga-403] Atlanta GA 30340,+,+,-,-,-,-,-,3,8,15,0.6,-59,0,0,449,Serial,33.9024561,-84.2422115,Moving,12,2
LA,3 secs,2020-03-10 11:02.54am,2020-03-10 11:02.51am,26,Veterans Pkwy [I-85/Ga-403] Norcross GA 30071,+,+,-,-,-,-,-,3,8,18,0.6,-49,0,0,448,Serial,33.9080512,-84.2313955,Moving,18,3
LA,9 secs,2020-03-10 11:01.00am,2020-03-10 11:00.51am,33,Veterans Pkwy [I-85/Ga-403] Norcross GA 30071,+,+,-,-,-,-,-,3,8,17,0.6,-47,0,0,447,Serial,33.9114911,-84.2129889,Moving,27,2
LA,9 secs,2020-03-10 10:59.00am,2020-03-10 10:58.51am,58,Veterans Pkwy [I-85/Ga-403] Norcross GA 30071,+,+,-,-,-,-,-,3,8,18,0.6,-45,0,0,446,Serial,33.9232808,-84.1870774,Moving,33,4
LA,7 secs,2020-03-10 10:56.55am,2020-03-10 10:56.48am,56,Veterans Pkwy [I-85/Ga-403] Duluth GA 30096,+,+,-,-,-,-,-,3,8,16,0.6,-65,0,0,445,Serial,33.9385278,-84.1566799,Moving,32,2
LA,6 secs,2020-03-10 10:54.54am,2020-03-10 10:54.48am,58,Veterans Pkwy [I-85/Ga-403] Duluth GA 30096,+,+,-,-,-,-,-,3,8,16,0.6,-48,0,0,444,Serial,33.9535468,-84.1276892,Moving,32,3
LA,6 secs,2020-03-10 10:52.44am,2020-03-10 10:52.38am,24, Duluth GA 30096,+,+,-,-,-,-,-,3,8,16,0.6,-50,0,0,443,Serial,33.9677397,-84.097383,Moving,14,3
LA,39 secs,2020-03-10 10:51.13am,2020-03-10 10:50.34am,38,2109 Breckinridge Blvd NW Lawrenceville GA 30043,+,+,-,-,-,-,-,3,8,14,0.8,-68,0,0,442,Serial,33.9638747,-84.0883815,Moving,12,2
LA,4 secs,2020-03-10 10:48.39am,2020-03-10 10:48.35am,15,Newpoint Pl NW Lawrenceville GA 30043,+,+,-,-,-,-,-,3,8,15,0.6,-57,0,0,441,Serial,33.9673669,-84.0872925,Moving,1,0
LA,3 secs,2020-03-10 10:48.29am,2020-03-10 10:48.26am,7,Newpoint Pl NW Lawrenceville GA 30043,+,+,-,-,-,-,-,3,5,16,0.6,-55,0,0,440,Serial,33.9668211,-84.0873944,Started Moving,0,2
LA,7 secs,2020-03-10 10:46.42am,2020-03-10 10:46.35am,0,Newpoint Pl NW Lawrenceville GA 30043,+,+,-,-,-,-,-,3,0,14,0.8,-54,0,0,439,Serial,33.9666534,-84.0872509,,0,2
LA,5 secs,2020-03-10 10:44.40am,2020-03-10 10:44.35am,0,Newpoint Pl NW Lawrenceville GA 30043,+,+,-,-,-,-,-,3,0,13,0.8,-52,0,0,438,Serial,33.9666534,-84.0872496,,0,2
LA,4 secs,2020-03-10 10:42.39am,2020-03-10 10:42.35am,0,Newpoint Pl NW Lawrenceville GA 30043,+,+,-,-,-,-,-,3,0,11,1,-56,0,0,437,Serial,33.9666534,-84.0872496,,0,2
LA,5 secs,2020-03-10 10:40.40am,2020-03-10 10:40.35am,0,Newpoint Pl NW Lawrenceville GA 30043,+,+,-,-,-,-,-,3,0,11,1,-54,0,0,436,Serial,33.9666534,-84.0872496,,0,2
LA,5 secs,2020-03-10 10:38.40am,2020-03-10 10:38.35am,0,Newpoint Pl NW Lawrenceville GA 30043,+,+,-,-,-,-,-,3,0,12,0.8,-55,0,0,435,Serial,33.9666534,-84.0872496,,0,2
LA,4 secs,2020-03-10 10:36.39am,2020-03-10 10:36.35am,0,Newpoint Pl NW Lawrenceville GA 30043,+,+,-,-,-,-,-,3,0,13,0.8,-55,0,0,434,Serial,33.9666373,-84.0871651,,0,2
LA,4 secs,2020-03-10 10:34.39am,2020-03-10 10:34.35am,0,Newpoint Pl NW Lawrenceville GA 30043,+,+,-,-,-,-,-,3,0,14,0.6,-56,0,0,433,Serial,33.9666333,-84.0871651,,1,2
LA,5 secs,2020-03-10 10:32.39am,2020-03-10 10:32.34am,0,Newpoint Pl NW Lawrenceville GA 30043,+,+,-,-,-,-,-,3,0,12,0.8,-62,0,0,432,Serial,33.9668975,-84.0872777,,0,2
LA,4 secs,2020-03-10 10:30.39am,2020-03-10 10:30.35am,0,Newpoint Pl NW Lawrenceville GA 30043,+,+,-,-,-,-,-,3,0,13,0.8,-59,0,0,431,Serial,33.9668895,-84.0872402,,0,2
LA,15 secs,2020-03-10 10:29.31am,2020-03-10 10:29.16am,0,Newpoint Pl NW Lawrenceville GA 30043,+,+,-,-,-,-,-,3,2,15,0.6,-63,0,0,430,Serial,33.9668975,-84.0872375,Stopped Moving,2,0
LA,42 secs,2020-03-10 10:29.16am,2020-03-10 10:28.34am,10, Lawrenceville GA 30043,+,+,-,-,-,-,-,3,8,13,0.8,-67,0,0,429,Serial,33.9654666,-84.0870162,Moving,10,2
LA,4 secs,2020-03-10 10:27.14am,2020-03-10 10:27.10am,7,1682 Boggs Rd NW Duluth GA 30096,+,+,-,-,-,-,-,3,5,14,0.8,-56,0,0,428,Serial,33.9618402,-84.0938585,Started Moving,0,0
LA,5 secs,2020-03-10 10:27.01am,2020-03-10 10:26.56am,1,1682 Boggs Rd NW Duluth GA 30096,+,+,-,-,-,-,-,3,2,14,0.8,-54,0,0,427,Serial,33.9618818,-84.0938545,Stopped Moving,1,0
LA,5 secs,2020-03-10 10:26.39am,2020-03-10 10:26.34am,22,1694 Boggs Rd NW Duluth GA 30096,+,+,-,-,-,-,-,3,8,15,0.8,-43,0,0,426,Serial,33.9629828,-84.0942461,Moving,25,3
LA,5 secs,2020-03-10 10:24.39am,2020-03-10 10:24.34am,53,Ramp 105 Duluth GA 30096,+,+,-,-,-,-,-,3,8,15,0.8,-51,0,0,425,Serial,33.9572295,-84.118724,Moving,32,3
LA,7 secs,2020-03-10 10:22.34am,2020-03-10 10:22.27am,59,Veterans Pkwy [I-85/Ga-403] Duluth GA 30096,+,+,-,-,-,-,-,3,8,15,0.8,-61,0,0,424,Serial,33.9427161,-84.1492126,Moving,29,3
LA,6 secs,2020-03-10 10:20.26am,2020-03-10 10:20.20am,24, Norcross GA 30093,+,+,-,-,-,-,-,3,8,15,0.8,-58,0,0,423,Serial,33.928208,-84.1749015,Moving,1,1
LA,8 secs,2020-03-10 10:20.11am,2020-03-10 10:20.03am,9,Indian Trail Lilburn Rd NW Norcross GA 30093,+,+,-,-,-,-,-,3,5,14,0.8,-61,0,0,422,Serial,33.9280323,-84.17591,Started Moving,1,1
LA,4 secs,2020-03-10 10:19.31am,2020-03-10 10:19.27am,0,Indian Trail Lilburn Rd NW Norcross GA 30093,+,+,-,-,-,-,-,3,2,13,0.8,-59,0,0,421,Serial,33.9281101,-84.1759878,Stopped Moving,5,1
LA,14 secs,2020-03-10 10:18.33am,2020-03-10 10:18.19am,14,2043 Beaver Ruin Rd NW [Ga-378] Norcross GA 30071,+,+,-,-,-,-,-,3,8,15,0.8,-49,0,0,420,Serial,33.9326698,-84.1785064,Moving,20,2
LA,7 secs,2020-03-10 10:16.26am,2020-03-10 10:16.19am,40,Beaver Ruin Rd NW [Ga-378] Norcross GA 30071,+,+,-,-,-,-,-,3,8,15,0.8,-72,0,0,419,Serial,33.9409525,-84.1970968,Moving,5,0
LA,9 secs,2020-03-10 10:15.56am,2020-03-10 10:15.47am,30,510 Beaver Ruin Rd NW [Ga-378] Norcross GA 30071,+,+,-,-,-,-,-,3,3,15,0.8,-61,0,0,418,Serial,33.9432163,-84.2023123,Roll,2,1
LA,6 secs,2020-03-10 10:15.34am,2020-03-10 10:15.28am,6,2687 Beaver Ruin Rd NW [Ga-378] Norcross GA 30071,+,+,-,-,-,-,-,3,5,15,0.8,-61,0,0,417,Serial,33.9445882,-84.2033356,Started Moving,1,1
LA,5 secs,2020-03-10 10:14.16am,2020-03-10 10:14.11am,0, Norcross GA 30071,+,+,-,-,-,-,-,3,37,14,0.8,-65,0,0,416,Serial,33.9445198,-84.2036159,Ignition On,0,0
LA,6 secs,2020-03-10 10:14.06am,2020-03-10 10:14.00am,0, Norcross GA 30071,-,-,-,-,-,-,-,3,0,14,0.8,-66,0,0,415,Serial,33.9445212,-84.2036119,,0,0
LA,5 secs,2020-03-10 10:12.04am,2020-03-10 10:11.59am,0, Norcross GA 30071,-,-,-,-,-,-,-,3,38,13,0.8,-66,0,0,414,Serial,33.9445386,-84.2036615,Ignition Off,0,0
LA,7 secs,2020-03-10 10:12.04am,2020-03-10 10:11.57am,0, Norcross GA 30071,+,+,-,-,-,-,-,3,0,13,0.8,-66,0,0,413,Serial,33.94454,-84.2036615,,0,1
LA,5 secs,2020-03-10 10:10.54am,2020-03-10 10:10.49am,0, Norcross GA 30071,+,+,-,-,-,-,-,3,2,15,0.8,-67,0,0,412,Serial,33.9445319,-84.2037057,Stopped Moving,7,1
LA,10 secs,2020-03-10 10:10.06am,2020-03-10 10:09.56am,40,5700 Buford Hwy NW [Us-23/Ga-13] Norcross GA 30071,+,+,-,-,-,-,-,3,8,14,0.8,-76,0,0,411,Serial,33.9406964,-84.2090527,Moving,16,2
LA,8 secs,2020-03-10 10:08.31am,2020-03-10 10:08.23am,5,6151 Buford Hwy NW [Us-23/Ga-13] Norcross GA 30071,+,+,-,-,-,-,-,3,5,15,0.8,-63,0,0,410,Serial,33.932179,-84.222626,Started Moving,0,1
LA,5 secs,2020-03-10 10:08.00am,2020-03-10 10:07.55am,0,6151 Buford Hwy NW [Us-23/Ga-13] Norcross GA 30071,+,+,-,-,-,-,-,3,2,14,0.8,-67,0,0,409,Serial,33.9321562,-84.2226824,Stopped Moving,1,0
LA,3 secs,2020-03-10 10:07.40am,2020-03-10 10:07.37am,25,6170 Buford Hwy NW [Us-23/Ga-13] Norcross GA 30071,+,+,-,-,-,-,-,3,8,15,0.8,-69,0,0,408,Serial,33.9318933,-84.2237137,Moving,25,3
LA,4 secs,2020-03-10 10:05.21am,2020-03-10 10:05.17am,35,6884 Buford Hwy NE [Us-23/Ga-13] Atlanta GA 30340,+,+,-,-,-,-,-,3,8,15,0.8,-61,0,0,407,Serial,33.9249612,-84.2491531,Moving,3,0
LA,6 secs,2020-03-10 10:04.54am,2020-03-10 10:04.48am,9,2702 Amwiler Rd NW Atlanta GA 30360,+,+,-,-,-,-,-,3,5,15,0.8,-68,0,0,406,Serial,33.9239983,-84.2517307,Started Moving,0,1
LA,6 secs,2020-03-10 10:04.39am,2020-03-10 10:04.33am,1,2711 Amwiler Rd NW Atlanta GA 30360,+,+,-,-,-,-,-,3,2,15,0.8,-59,0,0,405,Serial,33.9240439,-84.2517964,Stopped Moving,8,1
LA,3 secs,2020-03-10 10:03.19am,2020-03-10 10:03.16am,14,2911 Northeast Pkwy NW Atlanta GA 30360,+,+,-,-,-,-,-,3,8,15,0.8,-67,0,0,404,Serial,33.9266885,-84.2592999,Moving,2,1
LA,6 secs,2020-03-10 10:02.40am,2020-03-10 10:02.34am,9, Atlanta GA 30360,+,+,-,-,-,-,-,3,5,15,0.8,-45,0,0,403,Serial,33.9249384,-84.2585314,Started Moving,1,1
LA,2 secs,2020-03-10 10:01.19am,2020-03-10 10:01.17am,0, Atlanta GA 30360,+,+,-,-,-,-,-,3,0,15,0.8,-59,0,0,402,Serial,33.9244448,-84.2588533,,0,2
LA,2 secs,2020-03-10 9:59.19am,2020-03-10 9:59.17am,0, Atlanta GA 30360,+,+,-,-,-,-,-,3,0,15,0.8,-54,0,0,401,Serial,33.9244422,-84.25886,,0,2
LA,3 secs,2020-03-10 9:57.20am,2020-03-10 9:57.17am,0, Atlanta GA 30360,+,+,-,-,-,-,-,3,0,14,0.8,-58,0,0,400,Serial,33.9243724,-84.2588707,,1,2
LA,53 secs,2020-03-10 9:56.10am,2020-03-10 9:55.17am,0, Atlanta GA 30360,+,+,-,-,-,-,-,3,0,15,0.8,-57,0,0,399,Serial,33.9244676,-84.2587983,,1,2
LA,2 secs,2020-03-10 9:53.19am,2020-03-10 9:53.17am,1, Atlanta GA 30360,+,+,-,-,-,-,-,3,0,14,0.8,-47,0,0,398,Serial,33.924819,-84.2586521,,1,1
LA,9 secs,2020-03-10 9:52.06am,2020-03-10 9:51.57am,0, Atlanta GA 30360,+,+,-,-,-,-,-,3,2,14,0.8,-60,0,0,397,Serial,33.9252187,-84.2587071,Stopped Moving,2,1
LA,2 secs,2020-03-10 9:51.19am,2020-03-10 9:51.17am,15,Northeast Pkwy NW Atlanta GA 30360,+,+,-,-,-,-,-,3,8,15,0.6,-61,0,0,396,Serial,33.9266094,-84.2594796,Moving,9,1
LA,4 secs,2020-03-10 9:49.59am,2020-03-10 9:49.55am,9,Buford Hwy NE [Us-23/Ga-13] Atlanta GA 30340,+,+,-,-,-,-,-,3,5,17,0.6,-65,0,0,395,Serial,33.9236831,-84.2512144,Started Moving,0,1
LA,4 secs,2020-03-10 9:49.21am,2020-03-10 9:49.17am,0,Buford Hwy NE [Us-23/Ga-13] Atlanta GA 30340,+,+,-,-,-,-,-,3,0,17,0.6,-57,0,0,394,Serial,33.9234323,-84.2515483,,1,2
LA,3 secs,2020-03-10 9:47.19am,2020-03-10 9:47.16am,0,Buford Hwy NE [Us-23/Ga-13] Atlanta GA 30340,+,+,-,-,-,-,-,3,0,15,0.6,-61,0,0,393,Serial,33.9232888,-84.2518018,,0,2
LA,15 secs,2020-03-10 9:45.31am,2020-03-10 9:45.16am,0,Buford Hwy NE [Us-23/Ga-13] Atlanta GA 30340,+,+,-,-,-,-,-,3,0,16,0.6,-59,0,0,392,Serial,33.9230689,-84.2520794,,1,2
LA,7 secs,2020-03-10 9:43.35am,2020-03-10 9:43.28am,0,6988 Buford Hwy NE [Us-23/Ga-13] Atlanta GA 30340,+,+,-,-,-,-,-,3,2,17,0.6,-61,0,0,391,Serial,33.9227229,-84.2525836,Stopped Moving,0,0
LA,3 secs,2020-03-10 9:43.20am,2020-03-10 9:43.17am,9,6988 Buford Hwy NE [Us-23/Ga-13] Atlanta GA 30340,+,+,-,-,-,-,-,3,8,17,0.6,-65,0,0,390,Serial,33.9225888,-84.2527996,Moving,18,2
LA,3 secs,2020-03-10 9:41.20am,2020-03-10 9:41.17am,32,Buford Hwy NE [Us-23/Ga-13] Atlanta GA 30340,+,+,-,-,-,-,-,3,8,16,0.6,-65,0,0,389,Serial,33.9105255,-84.2653214,Moving,2,0
LA,5 secs,2020-03-10 9:41.01am,2020-03-10 9:40.56am,7,5797 Buford Hwy NE [Us-23/Ga-13] Atlanta GA 30340,+,+,-,-,-,-,-,3,5,15,0.6,-61,0,0,388,Serial,33.908888,-84.2669026,Started Moving,0,1
LA,5 secs,2020-03-10 9:40.30am,2020-03-10 9:40.25am,1,5793 Buford Hwy NE [Us-23/Ga-13] Atlanta GA 30340,+,+,-,-,-,-,-,3,2,16,0.6,-61,0,0,387,Serial,33.908821,-84.266963,Stopped Moving,9,1
LA,3 secs,2020-03-10 9:39.20am,2020-03-10 9:39.17am,7,Buford Hwy NE [Us-23/Ga-13] Atlanta GA 30340,+,+,-,-,-,-,-,3,8,17,0.6,-68,0,0,386,Serial,33.9034257,-84.2732434,Moving,27,3
LA,4 secs,2020-03-10 9:37.01am,2020-03-10 9:36.57am,52,I-285 [I-285/Ga-407] Atlanta GA 30341,+,+,-,-,-,-,-,3,8,16,0.6,-59,0,0,385,Serial,33.886446,-84.2522403,Moving,24,2
LA,4 secs,2020-03-10 9:35.00am,2020-03-10 9:34.56am,36,I-285 [I-285/Ga-407] Tucker GA 30084,+,+,-,-,-,-,-,3,8,12,0.8,-56,0,0,384,Serial,33.8650527,-84.2487011,Moving,16,2
LA,3 secs,2020-03-10 9:33.00am,2020-03-10 9:32.57am,29,I-285 [I-285/Ga-407] Tucker GA 30084,+,+,-,-,-,-,-,3,8,13,0.8,-59,0,0,383,Serial,33.8511521,-84.2464655,Moving,17,2
LA,7 secs,2020-03-10 9:31.03am,2020-03-10 9:30.56am,37,I-285 [I-285/Ga-407] Tucker GA 30084,+,+,-,-,-,-,-,3,8,14,0.8,-43,0,0,382,Serial,33.8358327,-84.249251,Moving,16,2
LA,4 secs,2020-03-10 9:29.00am,2020-03-10 9:28.56am,20,I-285 [I-285/Ga-407] Clarkston GA 30021,+,+,-,-,-,-,-,3,8,14,0.8,-57,0,0,381,Serial,33.8220086,-84.2522966,Moving,14,2
LA,6 secs,2020-03-10 9:26.47am,2020-03-10 9:26.41am,33,I-285 [I-285/Ga-407] Clarkston GA 30021,+,+,-,-,-,-,-,3,8,14,0.8,-66,0,0,380,Serial,33.8101666,-84.2508818,Moving,20,3
LA,6 secs,2020-03-10 9:24.28am,2020-03-10 9:24.22am,43,I-285 [I-285/Ga-407] Clarkston GA 30021,+,+,-,-,-,-,-,3,8,13,0.8,-69,0,0,379,Serial,33.7919504,-84.2476068,Moving,24,3
LA,"1 min, 1 sec",2020-03-10 9:23.16am,2020-03-10 9:22.15am,46,I-285 [I-285/Ga-407] Decatur GA 30032,+,+,-,-,-,-,-,3,8,18,0.6,-68,0,0,378,Serial,33.7739528,-84.2352861,Moving,18,2
LA,7 secs,2020-03-10 9:20.22am,2020-03-10 9:20.15am,35,I-285 [I-285/Ga-407] Decatur GA 30032,+,+,-,-,-,-,-,3,8,12,0.8,-65,0,0,377,Serial,33.759139,-84.2322874,Moving,18,2
LA,8 secs,2020-03-10 9:18.23am,2020-03-10 9:18.15am,21,I-285 [I-285/Ga-407] Decatur GA 30032,+,+,-,-,-,-,-,3,8,13,0.8,-41,0,0,376,Serial,33.7427963,-84.2303374,Moving,25,2
LA,9 secs,2020-03-10 9:16.23am,2020-03-10 9:16.14am,58,I-285 [I-285/Ga-407] Decatur GA 30032,+,+,-,-,-,-,-,3,8,14,0.8,-78,0,0,375,Serial,33.7215719,-84.2367143,Moving,25,2
LA,9 secs,2020-03-10 9:14.23am,2020-03-10 9:14.14am,21,I-285 [I-285/Ga-407] Decatur GA 30034,+,+,-,-,-,-,-,3,8,12,0.8,-70,0,0,374,Serial,33.7026704,-84.2512975,Moving,29,2
LA,26 secs,2020-03-10 9:12.39am,2020-03-10 9:12.13am,62,I-285 [I-285/Ga-407] Decatur GA 30034,+,+,-,-,-,-,-,3,8,12,0.8,-70,0,0,373,Serial,33.6980718,-84.2806811,Moving,33,3
LA,11 secs,2020-03-10 9:10.22am,2020-03-10 9:10.11am,63,I-285 [I-285/Ga-407] Atlanta GA 30316,+,+,-,-,-,-,-,3,8,12,0.8,-59,0,0,372,Serial,33.6831694,-84.3109324,Moving,31,2
LA,10 secs,2020-03-10 9:08.23am,2020-03-10 9:08.13am,55,I-285 [I-285/Ga-407] Conley GA 30288,+,+,-,-,-,-,-,3,8,14,0.6,-75,0,0,371,Serial,33.6680109,-84.3398399,Moving,34,3
LA,11 secs,2020-03-10 9:06.23am,2020-03-10 9:06.12am,63,Bob A Homes Fwy [I-285/Ga-407] Atlanta GA 30354,+,+,-,-,-,-,-,3,8,14,0.8,-79,0,0,370,Serial,33.6502654,-84.3683639,Moving,29,2
LA,8 secs,2020-03-10 9:04.13am,2020-03-10 9:04.05am,22,Old Dixie Hwy [Us-19/Us-41/Ga-3] Forest Park GA 30297,+,+,-,-,-,-,-,3,8,15,0.6,-67,0,0,369,Serial,33.6307349,-84.3863991,Moving,17,3
LA,8 secs,2020-03-10 9:02.13am,2020-03-10 9:02.05am,33,5074 Old Dixie Hwy [Us-19/Us-41/Ga-3] Forest Park GA 30297,+,+,-,-,-,-,-,3,8,16,0.6,-67,0,0,368,Serial,33.6157923,-84.3832112,Moving,5,1
LA,18 secs,2020-03-10 9:01.39am,2020-03-10 9:01.21am,10,5280 Old Dixie Hwy [Us-19/Us-41/Ga-3] Forest Park GA 30297,+,+,-,-,-,-,-,3,5,15,0.6,-63,0,0,367,Serial,33.6110515,-84.382196,Started Moving,1,0
LA,51 secs,2020-03-10 9:01.23am,2020-03-10 9:00.32am,1,224 Agnew Dr Forest Park GA 30297,+,+,-,-,-,-,-,3,2,14,0.8,-72,0,0,366,Serial,33.6109254,-84.381669,Stopped Moving,1,1
LA,8 secs,2020-03-10 9:00.13am,2020-03-10 9:00.05am,3, Forest Park GA 30297,+,+,-,-,-,-,-,3,8,15,0.6,-72,0,0,365,Serial,33.6107833,-84.3807785,Moving,2,1
LA,5 secs,2020-03-10 8:59.31am,2020-03-10 8:59.26am,14, Forest Park GA 30297,+,+,-,-,-,-,-,3,3,15,0.6,-79,0,0,364,Serial,33.6103742,-84.3793837,Roll,1,0
LA,8 secs,2020-03-10 8:59.08am,2020-03-10 8:59.00am,9, Forest Park GA 30297,+,+,-,-,-,-,-,3,5,13,0.8,-80,0,0,363,Serial,33.6095857,-84.3785858,Started Moving,1,1
LA,7 secs,2020-03-10 8:58.12am,2020-03-10 8:58.05am,0, Forest Park GA 30297,+,+,-,-,-,-,-,3,0,14,0.8,-79,0,0,362,Serial,33.6094489,-84.3786059,,0,2
LA,8 secs,2020-03-10 8:56.12am,2020-03-10 8:56.04am,0, Forest Park GA 30297,+,+,-,-,-,-,-,3,0,14,0.8,-78,0,0,361,Serial,33.6094422,-84.3785643,,1,2
LA,7 secs,2020-03-10 8:54.12am,2020-03-10 8:54.05am,0, Forest Park GA 30297,+,+,-,-,-,-,-,3,0,15,0.6,-80,0,0,360,Serial,33.6090439,-84.3793784,,0,2
LA,7 secs,2020-03-10 8:52.12am,2020-03-10 8:52.05am,0, Forest Park GA 30297,+,+,-,-,-,-,-,3,0,15,0.8,-78,0,0,359,Serial,33.6089929,-84.3793355,,0,2
LA,30 secs,2020-03-10 8:50.35am,2020-03-10 8:50.05am,0, Forest Park GA 30297,+,+,-,-,-,-,-,3,0,15,0.6,-77,0,0,358,Serial,33.6089701,-84.3793515,,1,2
LA,7 secs,2020-03-10 8:48.11am,2020-03-10 8:48.04am,0, Forest Park GA 30297,+,+,-,-,-,-,-,3,0,13,0.8,-78,0,0,357,Serial,33.6089956,-84.3794119,,0,2
LA,6 secs,2020-03-10 8:46.11am,2020-03-10 8:46.05am,5, Forest Park GA 30297,+,+,-,-,-,-,-,3,0,16,0.6,-79,0,0,356,Serial,33.6089527,-84.3793623,,33,3
LA,12 secs,2020-03-10 8:41.51am,2020-03-10 8:42.03am,0, Forest Park GA 30297,+,+,-,-,-,-,-,3,37,15,0.6,-85,0,0,354,Serial,33.6087998,-84.3793355,Ignition On,0,0
