G,"Point Latency","Time Received","Time Captured",MPH,Address,I0,"Engine On",I1,I2,I3,I4,I5,GPS,"Event Code",Sat,HDOP,RSSI,C,F,Seq,Index,"Lat, Lon","Triggered By","Δ Odo hm","Δ Eng min"
"LA","4 secs","2020-03-13 10:05.29am","2020-03-13 10:05.25am",0," Elko NV 89801","-","-","-","-","-","-","-",3,0,16,"0.6","-75",0,0,755,"Serial","40.8807383,-115.7273481","",0,0
"LA","4 secs","2020-03-13 10:03.29am","2020-03-13 10:03.25am",0," Elko NV 89801","-","-","-","-","-","-","-",3,0,16,"0.6","-76",0,0,754,"Serial","40.8807342,-115.7273467","",0,0
"LA","3 secs","2020-03-13 10:01.28am","2020-03-13 10:01.25am",0," Elko NV 89801","-","-","-","-","-","-","-",3,38,18,"0.6","-74",0,0,753,"Serial","40.8807302,-115.7273454","Ignition Off",0,1
"LA","5 secs","2020-03-13 10:00.43am","2020-03-13 10:00.38am",1," Elko NV 89801","+","+","-","-","-","-","-",3,2,18,"0.6","-71",0,0,752,"Serial","40.8807315,-115.7273709","Stopped Moving",3,1
"LA","4 secs","2020-03-13 9:59.43am","2020-03-13 9:59.39am",14,"Youth Center Dr Elko NV 89801","+","+","-","-","-","-","-",3,8,17,"0.6","-59",0,0,751,"Serial","40.8787615,-115.7255872","Moving",10,5
"LA","3 secs","2020-03-13 9:57.43am","2020-03-13 9:57.40am",38,"6192 Idaho St Elko NV 89801","+","+","-","-","-","-","-",3,8,19,"0.6","-66",0,0,750,"Serial","40.8779501,-115.7188106","Moving",20,2
"LA","7 secs","2020-03-13 9:55.53am","2020-03-13 9:55.46am",7,"4100 Idaho St Elko NV 89801","+","+","-","-","-","-","-",3,5,19,"0.6","-60",0,0,749,"Serial","40.8644894,-115.733151","Started Moving",0,0
"LA","3 secs","2020-03-13 9:55.43am","2020-03-13 9:55.40am",0," Elko NV 89801","+","+","-","-","-","-","-",3,0,18,"0.6","-62",0,0,748,"Serial","40.8644733,-115.7333991","",0,0
"LA","6 secs","2020-03-13 9:55.18am","2020-03-13 9:55.12am",0," Elko NV 89801","+","+","-","-","-","-","-",3,2,16,"0.6","-60",0,0,747,"Serial","40.8644774,-115.7333965","Stopped Moving",1,1
"LA","12 secs","2020-03-13 9:54.48am","2020-03-13 9:54.36am",9," Elko NV 89801","+","+","-","-","-","-","-",3,5,18,"0.6","-53",0,0,746,"Serial","40.8653169,-115.7346383","Started Moving",1,0
"LA","5 secs","2020-03-13 9:54.33am","2020-03-13 9:54.28am",2,"4216 Ruby Vista Dr Elko NV 89801","+","+","-","-","-","-","-",3,2,16,"0.6","-55",0,0,745,"Serial","40.8655261,-115.7345753","Stopped Moving",2,0
"LA","11 secs","2020-03-13 9:54.13am","2020-03-13 9:54.02am",20,"4216 Ruby Vista Dr Elko NV 89801","+","+","-","-","-","-","-",3,3,16,"0.6","-47",0,0,744,"Serial","40.8669812,-115.7328962","Roll",1,1
"LA","2 secs","2020-03-13 9:53.53am","2020-03-13 9:53.51am",10,"4224 Ruby Vista Dr Elko NV 89801","+","+","-","-","-","-","-",3,5,15,"0.6","-44",0,0,743,"Serial","40.8675029,-115.7323155","Started Moving",0,0
"LA","4 secs","2020-03-13 9:53.43am","2020-03-13 9:53.39am",5,"4224 Ruby Vista Dr Elko NV 89801","+","+","-","-","-","-","-",3,37,18,"0.6","-57",0,0,742,"Serial","40.8678851,-115.7320299","Ignition On",0,0
"LA","12 secs","2020-03-13 9:52.08am","2020-03-13 9:51.56am",0,"4224 Ruby Vista Dr Elko NV 89801","-","-","-","-","-","-","-",3,0,16,"0.6","-52",0,0,741,"Serial","40.8679602,-115.7323061","",0,0
"LA","7 secs","2020-03-13 9:50.02am","2020-03-13 9:49.55am",0,"4224 Ruby Vista Dr Elko NV 89801","-","-","-","-","-","-","-",3,0,17,"0.6","-56",0,0,740,"Serial","40.8679535,-115.7322941","",0,0
"LA","7 secs","2020-03-13 9:48.02am","2020-03-13 9:47.55am",0,"4224 Ruby Vista Dr Elko NV 89801","-","-","-","-","-","-","-",3,38,18,"0.6","-56",0,0,739,"Serial","40.8679535,-115.7322967","Ignition Off",0,1
"LA","10 secs","2020-03-13 9:47.07am","2020-03-13 9:46.57am",7,"4224 Ruby Vista Dr Elko NV 89801","+","+","-","-","-","-","-",3,0,17,"0.6","-65",0,0,738,"Serial","40.8680058,-115.7323678","",2,3
"LA","9 secs","2020-03-13 9:45.02am","2020-03-13 9:44.53am",0," Elko NV 89801","+","+","-","-","-","-","-",3,0,18,"0.6","-76",0,0,737,"Serial","40.8689271,-115.7322525","",0,2
"LA","10 secs","2020-03-13 9:43.07am","2020-03-13 9:42.57am",0," Elko NV 89801","+","+","-","-","-","-","-",3,0,17,"0.6","-68",0,0,736,"Serial","40.8689325,-115.7322672","",0,2
"LA","7 secs","2020-03-13 9:41.02am","2020-03-13 9:40.55am",0," Elko NV 89801","+","+","-","-","-","-","-",3,0,16,"0.6","-65",0,0,735,"Serial","40.8689271,-115.7322404","",0,3
"LA","8 secs","2020-03-13 9:39.02am","2020-03-13 9:38.54am",0," Elko NV 89801","+","+","-","-","-","-","-",3,0,16,"0.6","-69",0,0,734,"Serial","40.8689419,-115.7322458","",0,3
"LA","8 secs","2020-03-13 9:37.02am","2020-03-13 9:36.54am",0," Elko NV 89801","+","+","-","-","-","-","-",3,0,17,"0.6","-67",0,0,733,"Serial","40.8689432,-115.732231","",1,2
"LA","9 secs","2020-03-13 9:35.02am","2020-03-13 9:34.53am",0," Elko NV 89801","+","+","-","-","-","-","-",3,0,17,"0.6","-66",0,0,732,"Serial","40.8689285,-115.7322351","",0,3
"LA","5 secs","2020-03-13 9:32.57am","2020-03-13 9:32.52am",0,"4224 Ruby Vista Dr Elko NV 89801","+","+","-","-","-","-","-",3,0,13,"0.6","-68",0,0,731,"Serial","40.8688869,-115.7327795","",1,2
"LA","13 secs","2020-03-13 9:31.05am","2020-03-13 9:30.52am",3,"4224 Ruby Vista Dr Elko NV 89801","+","+","-","-","-","-","-",3,37,18,"0.6","-74",0,0,730,"Serial","40.8688279,-115.7328761","Ignition On",0,0
"LA","15 secs","2020-03-13 9:31.05am","2020-03-13 9:30.50am",3,"4224 Ruby Vista Dr Elko NV 89801","-","-","-","-","-","-","-",3,0,18,"0.6","-74",0,0,729,"Serial","40.8688453,-115.7328627","",0,0
"LA","6 secs","2020-03-13 9:28.57am","2020-03-13 9:28.51am",0,"4224 Ruby Vista Dr Elko NV 89801","-","-","-","-","-","-","-",3,0,16,"0.6","-61",0,0,728,"Serial","40.8689097,-115.7326588","",0,0
"LA","7 secs","2020-03-13 9:26.57am","2020-03-13 9:26.50am",0,"4224 Ruby Vista Dr Elko NV 89801","-","-","-","-","-","-","-",3,38,18,"0.6","-70",0,0,727,"Serial","40.8689137,-115.7326588","Ignition Off",0,1
"LA","9 secs","2020-03-13 9:26.12am","2020-03-13 9:26.03am",0,"4224 Ruby Vista Dr Elko NV 89801","+","+","-","-","-","-","-",3,0,17,"0.6","-65",0,0,726,"Serial","40.8689191,-115.7326642","",1,2
"LA","8 secs","2020-03-13 9:24.12am","2020-03-13 9:24.04am",0,"4224 Ruby Vista Dr Elko NV 89801","+","+","-","-","-","-","-",3,0,17,"0.6","-72",0,0,725,"Serial","40.8688748,-115.7327366","",1,3
"LA","10 secs","2020-03-13 9:21.57am","2020-03-13 9:21.47am",0,"4224 Ruby Vista Dr Elko NV 89801","+","+","-","-","-","-","-",3,0,17,"0.6","-63",0,0,724,"Serial","40.8688976,-115.7327608","",0,2
"LA","9 secs","2020-03-13 9:19.56am","2020-03-13 9:19.47am",0,"4224 Ruby Vista Dr Elko NV 89801","+","+","-","-","-","-","-",3,0,18,"0.6","-70",0,0,723,"Serial","40.868895,-115.7325368","",1,2
"LA","9 secs","2020-03-13 9:17.56am","2020-03-13 9:17.47am",0," Elko NV 89801","+","+","-","-","-","-","-",3,37,18,"0.6","-66",0,0,722,"Serial","40.8689432,-115.7322418","Ignition On",0,0
"LA","5 secs","2020-03-13 9:11.05am","2020-03-13 9:11.00am",0," Elko NV 89801","-","-","-","-","-","-","-",3,0,17,"0.6","-68",0,0,721,"Serial","40.8689473,-115.732274","",0,0
"LA","5 secs","2020-03-13 9:09.05am","2020-03-13 9:09.00am",0," Elko NV 89801","-","-","-","-","-","-","-",3,0,18,"0.6","-67",0,0,720,"Serial","40.8689486,-115.7322753","",0,0
"LA","6 secs","2020-03-13 9:07.05am","2020-03-13 9:06.59am",0," Elko NV 89801","-","-","-","-","-","-","-",3,38,18,"0.6","-67",0,0,719,"Serial","40.8689446,-115.7322726","Ignition Off",0,1
"LA","5 secs","2020-03-13 9:06.25am","2020-03-13 9:06.20am",0," Elko NV 89801","+","+","-","-","-","-","-",3,0,17,"0.6","-69",0,0,718,"Serial","40.8689419,-115.7322793","",0,0
"LA","5 secs","2020-03-13 9:06.15am","2020-03-13 9:06.10am",1," Elko NV 89801","+","+","-","-","-","-","-",3,2,17,"0.6","-69",0,0,717,"Serial","40.8689392,-115.7322579","Stopped Moving",7,2
"LA","4 secs","2020-03-13 9:04.20am","2020-03-13 9:04.16am",32,"Ruby Vista Dr Elko NV 89801","+","+","-","-","-","-","-",3,8,18,"0.6","-62",0,0,716,"Serial","40.8641072,-115.7361672","Moving",18,2
"LA","4 secs","2020-03-13 9:02.20am","2020-03-13 9:02.16am",25,"E Jennings Way Elko NV 89801","+","+","-","-","-","-","-",3,8,17,"0.6","-50",0,0,715,"Serial","40.8542675,-115.7493757","Moving",23,3
"LA","4 secs","2020-03-13 9:00.00am","2020-03-13 8:59.56am",38,"I-80 Elko NV 89801","+","+","-","-","-","-","-",3,8,16,"0.6","-51",0,0,714,"Serial","40.8678784,-115.7308913","Moving",25,2
"LA","8 secs","2020-03-13 8:58.05am","2020-03-13 8:57.57am",38,"I-80 Elko NV 89801","+","+","-","-","-","-","-",3,8,17,"0.6","-63",0,0,713,"Serial","40.8861898,-115.714448","Moving",29,2
"LA","4 secs","2020-03-13 8:56.00am","2020-03-13 8:55.56am",55,"I-80 Elko NV 89801","+","+","-","-","-","-","-",3,8,16,"0.6","-71",0,0,712,"Serial","40.9085568,-115.6978183","Moving",30,2
"LA","4 secs","2020-03-13 8:54.00am","2020-03-13 8:53.56am",49,"I-80 Elko NV 89801","+","+","-","-","-","-","-",3,8,17,"0.6","-68",0,0,711,"Serial","40.9282938,-115.67418","Moving",30,2
"LA","9 secs","2020-03-13 8:52.05am","2020-03-13 8:51.56am",62,"I-80 Elko NV 89801","+","+","-","-","-","-","-",3,8,17,"0.6","-73",0,0,710,"Serial","40.9434349,-115.6445241","Moving",35,3
"LA","8 secs","2020-03-13 8:50.05am","2020-03-13 8:49.57am",64,"I-80 Elko NV 89801","+","+","-","-","-","-","-",3,8,18,"0.6","-68",0,0,709,"Serial","40.9497904,-115.6053357","Moving",36,4
"LA","4 secs","2020-03-13 8:47.55am","2020-03-13 8:47.51am",61,"I-80 Elko NV 89801","+","+","-","-","-","-","-",3,8,17,"0.6","-53",0,0,708,"Serial","40.9494363,-115.5621173","Moving",36,2
"LA","4 secs","2020-03-13 8:45.55am","2020-03-13 8:45.51am",67,"I-80 Elko NV 89801","+","+","-","-","-","-","-",3,8,13,"0.8","-49",0,0,707,"Serial","40.9502182,-115.5200495","Moving",39,2
"LA","3 secs","2020-03-13 8:43.40am","2020-03-13 8:43.37am",63,"I-80 Deeth NV 89823","+","+","-","-","-","-","-",3,8,17,"0.6","-48",0,0,706,"Serial","40.9574079,-115.4748811","Moving",34,2
"LA","3 secs","2020-03-13 8:41.40am","2020-03-13 8:41.37am",63,"I-80 Deeth NV 89823","+","+","-","-","-","-","-",3,8,17,"0.6","-70",0,0,705,"Serial","40.9738136,-115.4423312","Moving",35,2
"LA","7 secs","2020-03-13 8:39.44am","2020-03-13 8:39.37am",64,"I-80 Deeth NV 89823","+","+","-","-","-","-","-",3,8,17,"0.6","-67",0,0,704,"Serial","41.0013036,-115.4235892","Moving",35,2
"LA","3 secs","2020-03-13 8:37.39am","2020-03-13 8:37.36am",64,"I-80 Deeth NV 89823","+","+","-","-","-","-","-",3,8,15,"0.6","-76",0,0,703,"Serial","41.0240836,-115.3951793","Moving",34,2
"LA","7 secs","2020-03-13 8:35.44am","2020-03-13 8:35.37am",62,"I-80 Deeth NV 89823","+","+","-","-","-","-","-",3,8,15,"0.6","-85",0,0,702,"Serial","41.0407428,-115.3612507","Moving",34,2
"LA","3 secs","2020-03-13 8:33.39am","2020-03-13 8:33.36am",64,"I-80 Deeth NV 89823","+","+","-","-","-","-","-",3,8,15,"0.6","-81",0,0,701,"Serial","41.0574704,-115.3261392","Moving",35,2
"LA","3 secs","2020-03-13 8:31.39am","2020-03-13 8:31.36am",64,"Ramp 333 Deeth NV 89823","+","+","-","-","-","-","-",3,8,16,"0.6","-71",0,0,700,"Serial","41.0737876,-115.2911122","Moving",35,2
"LA","3 secs","2020-03-13 8:29.39am","2020-03-13 8:29.36am",64,"I-80 Deeth NV 89823","+","+","-","-","-","-","-",3,8,13,"0.8","-57",0,0,699,"Serial","41.0863792,-115.2543646","Moving",34,2
"LA","3 secs","2020-03-13 8:27.39am","2020-03-13 8:27.36am",63,"I-80 Deeth NV 89823","+","+","-","-","-","-","-",3,8,15,"0.8","-56",0,0,698,"Serial","41.0859903,-115.213237","Moving",35,2
"LA","3 secs","2020-03-13 8:25.39am","2020-03-13 8:25.36am",63,"I-80 Deeth NV 89823","+","+","-","-","-","-","-",3,8,14,"0.8","-65",0,0,697,"Serial","41.0884955,-115.1718451","Moving",35,2
"LA","3 secs","2020-03-13 8:23.39am","2020-03-13 8:23.36am",64,"I-80 Deeth NV 89823","+","+","-","-","-","-","-",3,8,16,"0.6","-61",0,0,696,"Serial","41.0952694,-115.131738","Moving",31,2
"LA","3 secs","2020-03-13 8:21.39am","2020-03-13 8:21.36am",56,"I-80 Wells NV 89835","+","+","-","-","-","-","-",3,8,16,"0.6","-74",0,0,695,"Serial","41.1006191,-115.0948429","Moving",31,2
"LA","3 secs","2020-03-13 8:19.39am","2020-03-13 8:19.36am",58,"I-80 Wells NV 89835","+","+","-","-","-","-","-",3,8,18,"0.6","-86",0,0,694,"Serial","41.108254,-115.0593372","Moving",33,2
"LA","3 secs","2020-03-13 8:17.39am","2020-03-13 8:17.36am",63,"I-80 Wells NV 89835","+","+","-","-","-","-","-",3,8,18,"0.6","-70",0,0,693,"Serial","41.1089768,-115.0212015","Moving",33,2
"LA","3 secs","2020-03-13 8:15.39am","2020-03-13 8:15.36am",63,"I-80 Wells NV 89835","+","+","-","-","-","-","-",3,8,16,"0.6","-64",0,0,692,"Serial","41.1052351,-114.9824396","Moving",20,2
"LA","10 secs","2020-03-13 8:14.08am","2020-03-13 8:13.58am",15," Wells NV 89835","+","+","-","-","-","-","-",3,3,19,"0.6","-68",0,0,691,"Serial","41.1004447,-114.9589756","Roll",1,0
"LA","9 secs","2020-03-13 8:13.53am","2020-03-13 8:13.44am",9," Wells NV 89835","+","+","-","-","-","-","-",3,5,19,"0.6","-83",0,0,690,"Serial","41.1001456,-114.9579523","Started Moving",1,0
"LA","6 secs","2020-03-13 8:13.43am","2020-03-13 8:13.37am",9,"Us-93 Wells NV 89835","+","+","-","-","-","-","-",3,0,17,"0.6","-83",0,0,689,"Serial","41.1003401,-114.9577136","",2,2
"LA","7 secs","2020-03-13 8:11.43am","2020-03-13 8:11.36am",0,"143 Us-93 Wells NV 89835","+","+","-","-","-","-","-",3,0,17,"0.6","-77",0,0,688,"Serial","41.1010174,-114.9581924","",0,2
"LA","7 secs","2020-03-13 8:09.43am","2020-03-13 8:09.36am",0,"143 Us-93 Wells NV 89835","+","+","-","-","-","-","-",3,0,18,"0.6","-72",0,0,687,"Serial","41.1010241,-114.9581964","",0,2
"LA","7 secs","2020-03-13 8:07.43am","2020-03-13 8:07.36am",0,"143 Us-93 Wells NV 89835","+","+","-","-","-","-","-",3,0,18,"0.6","-73",0,0,686,"Serial","41.101016,-114.9581629","",3,2
"LA","7 secs","2020-03-13 8:05.43am","2020-03-13 8:05.36am",2,"1222 6th St [I-80-Bl/Nv-223] Wells NV 89835","+","+","-","-","-","-","-",3,37,20,"0.6","-69",0,0,685,"Serial","41.1017617,-114.9578853","Ignition On",0,0
"LA","7 secs","2020-03-13 8:00.33am","2020-03-13 8:00.26am",0,"1222 6th St [I-80-Bl/Nv-223] Wells NV 89835","-","-","-","-","-","-","-",3,0,15,"0.6","-71",0,0,684,"Serial","41.1017845,-114.9578585","",0,0
"LA","7 secs","2020-03-13 7:58.33am","2020-03-13 7:58.26am",0,"1222 6th St [I-80-Bl/Nv-223] Wells NV 89835","-","-","-","-","-","-","-",3,0,13,"0.8","-64",0,0,683,"Serial","41.1017858,-114.9578585","",0,0
"LA","7 secs","2020-03-13 7:56.33am","2020-03-13 7:56.26am",0,"1222 6th St [I-80-Bl/Nv-223] Wells NV 89835","-","-","-","-","-","-","-",3,38,15,"0.6","-67",0,0,682,"Serial","41.1017858,-114.9578518","Ignition Off",0,1
"LA","8 secs","2020-03-13 7:56.08am","2020-03-13 7:56.00am",0,"1222 6th St [I-80-Bl/Nv-223] Wells NV 89835","+","+","-","-","-","-","-",3,0,15,"0.6","-62",0,0,681,"Serial","41.1017858,-114.9578504","",0,2
"LA","9 secs","2020-03-13 7:54.08am","2020-03-13 7:53.59am",0,"1222 6th St [I-80-Bl/Nv-223] Wells NV 89835","+","+","-","-","-","-","-",3,0,15,"0.6","-68",0,0,680,"Serial","41.1017764,-114.957841","",0,2
"LA","9 secs","2020-03-13 7:52.08am","2020-03-13 7:51.59am",0,"1222 6th St [I-80-Bl/Nv-223] Wells NV 89835","+","+","-","-","-","-","-",3,0,17,"0.6","-64",0,0,679,"Serial","41.1017134,-114.9578156","",0,2
"LA","7 secs","2020-03-13 7:50.08am","2020-03-13 7:50.01am",0,"1222 6th St [I-80-Bl/Nv-223] Wells NV 89835","+","+","-","-","-","-","-",3,0,18,"0.6","-64",0,0,678,"Serial","41.1017188,-114.9578075","",0,2
"LA","9 secs","2020-03-13 7:48.08am","2020-03-13 7:47.59am",0,"1222 6th St [I-80-Bl/Nv-223] Wells NV 89835","+","+","-","-","-","-","-",3,0,17,"0.6","-64",0,0,677,"Serial","41.1017255,-114.9578088","",1,2
"LA","7 secs","2020-03-13 7:46.08am","2020-03-13 7:46.01am",6,"143 Us-93 Wells NV 89835","+","+","-","-","-","-","-",3,0,18,"0.6","-78",0,0,676,"Serial","41.1013298,-114.9573663","",1,2
"LA","8 secs","2020-03-13 7:44.08am","2020-03-13 7:44.00am",7,"143 Us-93 Wells NV 89835","+","+","-","-","-","-","-",3,0,18,"0.6","-69",0,0,675,"Serial","41.1011193,-114.9584579","",1,0
"LA","7 secs","2020-03-13 7:43.48am","2020-03-13 7:43.41am",2," Wells NV 89835","+","+","-","-","-","-","-",3,2,18,"0.6","-80",0,0,674,"Serial","41.1007733,-114.9586484","Stopped Moving",8,2
"LA","9 secs","2020-03-13 7:42.08am","2020-03-13 7:41.59am",60,"I-80 Wells NV 89835","+","+","-","-","-","-","-",3,8,17,"0.6","-65",0,0,673,"Serial","41.1013996,-114.9638867","Moving",35,2
"LA","7 secs","2020-03-13 7:40.08am","2020-03-13 7:40.01am",64,"I-80 Wells NV 89835","+","+","-","-","-","-","-",3,8,16,"0.6","-78",0,0,672,"Serial","41.1065441,-115.0041333","Moving",35,2
"LA","9 secs","2020-03-13 7:38.08am","2020-03-13 7:37.59am",64,"I-80 Wells NV 89835","+","+","-","-","-","-","-",3,8,17,"0.6","-77",0,0,671,"Serial","41.1107551,-115.0453039","Moving",33,2
"LA","9 secs","2020-03-13 7:36.08am","2020-03-13 7:35.59am",55,"I-80 Wells NV 89835","+","+","-","-","-","-","-",3,8,17,"0.6","-64",0,0,670,"Serial","41.1022847,-115.083984","Moving",30,2
"LA","7 secs","2020-03-13 7:34.07am","2020-03-13 7:34.00am",54,"I-80 Deeth NV 89823","+","+","-","-","-","-","-",3,8,16,"0.6","-74",0,0,669,"Serial","41.0972489,-115.1179139","Moving",30,2
"LA","9 secs","2020-03-13 7:32.08am","2020-03-13 7:31.59am",59,"I-80 Deeth NV 89823","+","+","-","-","-","-","-",3,8,17,"0.6","-80",0,0,668,"Serial","41.0913534,-115.153248","Moving",34,2
"LA","8 secs","2020-03-13 7:30.07am","2020-03-13 7:29.59am",64,"I-80 Deeth NV 89823","+","+","-","-","-","-","-",3,8,16,"0.6","-73",0,0,667,"Serial","41.0853881,-115.193453","Moving",35,2
"LA","7 secs","2020-03-13 7:28.07am","2020-03-13 7:28.00am",63,"I-80 Deeth NV 89823","+","+","-","-","-","-","-",3,8,14,"0.6","-58",0,0,666,"Serial","41.0858226,-115.2347456","Moving",35,2
"LA","9 secs","2020-03-13 7:26.09am","2020-03-13 7:26.00am",64,"I-80 Deeth NV 89823","+","+","-","-","-","-","-",3,8,17,"0.6","-49",0,0,665,"Serial","41.0809598,-115.2744101","Moving",34,2
"LA","8 secs","2020-03-13 7:24.07am","2020-03-13 7:23.59am",63,"I-80 Deeth NV 89823","+","+","-","-","-","-","-",3,8,17,"0.6","-76",0,0,664,"Serial","41.0645648,-115.3097013","Moving",35,2
"LA","8 secs","2020-03-13 7:22.07am","2020-03-13 7:21.59am",64,"I-80 Deeth NV 89823","+","+","-","-","-","-","-",3,8,17,"0.6","-74",0,0,663,"Serial","41.0481725,-115.3448409","Moving",35,2
"LA","8 secs","2020-03-13 7:20.07am","2020-03-13 7:19.59am",64,"I-80 Deeth NV 89823","+","+","-","-","-","-","-",3,8,17,"0.6","-79",0,0,662,"Serial","41.0314328,-115.3798263","Moving",35,2
"LA","8 secs","2020-03-13 7:18.07am","2020-03-13 7:17.59am",64,"I-80 Deeth NV 89823","+","+","-","-","-","-","-",3,8,17,"0.6","-78",0,0,661,"Serial","41.0113632,-115.4112524","Moving",35,2
"LA","14 secs","2020-03-13 7:16.13am","2020-03-13 7:15.59am",64,"I-80 Deeth NV 89823","+","+","-","-","-","-","-",3,8,14,"0.8","-74",0,0,660,"Serial","40.9854396,-115.4338379","Moving",34,2
"LA","7 secs","2020-03-13 7:14.07am","2020-03-13 7:14.00am",64,"I-80 Deeth NV 89823","+","+","-","-","-","-","-",3,8,16,"0.8","-74",0,0,659,"Serial","40.9608411,-115.4580207","Moving",35,2
"LA","7 secs","2020-03-13 7:12.07am","2020-03-13 7:12.00am",63,"I-80 Elko NV 89801","+","+","-","-","-","-","-",3,8,14,"0.8","-75",0,0,658,"Serial","40.9533537,-115.4980366","Moving",37,2
"LA","6 secs","2020-03-13 7:09.57am","2020-03-13 7:09.51am",64,"I-80 Elko NV 89801","+","+","-","-","-","-","-",3,8,17,"0.6","-41",0,0,657,"Serial","40.9491493,-115.5414965","Moving",35,2
"LA","4 secs","2020-03-13 7:07.56am","2020-03-13 7:07.52am",64,"I-80 Elko NV 89801","+","+","-","-","-","-","-",3,8,17,"0.6","-49",0,0,656,"Serial","40.9492915,-115.5827998","Moving",37,2
"LA","11 secs","2020-03-13 7:05.53am","2020-03-13 7:05.42am",64,"I-80 Elko NV 89801","+","+","-","-","-","-","-",3,8,17,"0.6","-56",0,0,655,"Serial","40.9495222,-115.6272118","Moving",35,3
"LA","4 secs","2020-03-13 7:03.46am","2020-03-13 7:03.42am",64,"I-80 Elko NV 89801","+","+","-","-","-","-","-",3,8,17,"0.6","-77",0,0,654,"Serial","40.9348156,-115.6633814","Moving",34,2
"LA","4 secs","2020-03-13 7:01.36am","2020-03-13 7:01.32am",53,"I-80 Elko NV 89801","+","+","-","-","-","-","-",3,8,16,"0.6","-79",0,0,653,"Serial","40.9137469,-115.6923667","Moving",33,3
"LA","7 secs","2020-03-13 6:59.21am","2020-03-13 6:59.14am",54,"I-80 Elko NV 89801","+","+","-","-","-","-","-",3,8,17,"0.6","-63",0,0,652,"Serial","40.8886226,-115.7132544","Moving",30,2
"LA","7 secs","2020-03-13 6:57.21am","2020-03-13 6:57.14am",53,"I-80 Elko NV 89801","+","+","-","-","-","-","-",3,8,17,"0.6","-55",0,0,651,"Serial","40.8665547,-115.7316503","Moving",24,3
"LA","5 secs","2020-03-13 6:55.06am","2020-03-13 6:55.01am",35,"3019 Idaho St Elko NV 89801","+","+","-","-","-","-","-",3,8,17,"0.6","-49",0,0,650,"Serial","40.8521285,-115.7443198","Moving",18,3
"LA","6 secs","2020-03-13 6:52.46am","2020-03-13 6:52.40am",15,"4216 Ruby Vista Dr Elko NV 89801","+","+","-","-","-","-","-",3,8,18,"0.6","-59",0,0,649,"Serial","40.865738,-115.7343245","Moving",3,0
"LA","7 secs","2020-03-13 6:52.21am","2020-03-13 6:52.14am",24,"4224 Ruby Vista Dr Elko NV 89801","+","+","-","-","-","-","-",3,3,18,"0.6","-57",0,0,648,"Serial","40.86781,-115.7320111","Roll",1,0
"LA","7 secs","2020-03-13 6:52.16am","2020-03-13 6:52.09am",18,"4224 Ruby Vista Dr Elko NV 89801","+","+","-","-","-","-","-",3,5,17,"0.6","-57",0,0,647,"Serial","40.868089,-115.731708","Started Moving",1,3
"LA","7 secs","2020-03-13 6:50.46am","2020-03-13 6:50.39am",0," Elko NV 89801","+","+","-","-","-","-","-",3,0,15,"0.8","-71",0,0,646,"Serial","40.8689124,-115.7316544","",0,0
"LA","9 secs","2020-03-13 6:50.11am","2020-03-13 6:50.02am",0," Elko NV 89801","+","+","-","-","-","-","-",3,2,16,"0.8","-72",0,0,645,"Serial","40.8689231,-115.7316503","Stopped Moving",0,1
"LA","5 secs","2020-03-13 6:49.31am","2020-03-13 6:49.26am",10," Elko NV 89801","+","+","-","-","-","-","-",3,5,16,"0.8","-62",0,0,644,"Serial","40.868899,-115.7322297","Started Moving",1,1
"LA","6 secs","2020-03-13 6:48.46am","2020-03-13 6:48.40am",0," Elko NV 89801","+","+","-","-","-","-","-",3,0,15,"0.6","-71",0,0,643,"Serial","40.8690773,-115.7326656","",0,2
"LA","6 secs","2020-03-13 6:46.46am","2020-03-13 6:46.40am",0," Elko NV 89801","+","+","-","-","-","-","-",3,0,13,"0.8","-74",0,0,642,"Serial","40.8690787,-115.7326642","",0,2
"LA","25 secs","2020-03-13 6:45.06am","2020-03-13 6:44.41am",0," Elko NV 89801","+","+","-","-","-","-","-",3,0,14,"0.8","-78",0,0,641,"Serial","40.8690666,-115.7327112","",0,2
"LA","6 secs","2020-03-13 6:42.46am","2020-03-13 6:42.40am",0," Elko NV 89801","+","+","-","-","-","-","-",3,0,10,"1.1","-78",0,0,640,"Serial","40.8690787,-115.7326441","",0,0
"LA","6 secs","2020-03-13 6:42.46am","2020-03-13 6:42.40am",0," Elko NV 89801","+","+","-","-","-","-","-",3,37,10,"1.1","-78",0,0,639,"Serial","40.8690787,-115.7326441","Ignition On",0,0
"LA","8 secs","2020-03-12 6:59.03pm","2020-03-12 6:58.55pm",0," Elko NV 89801","-","-","-","-","-","-","-",3,0,13,"0.8","-67",0,0,638,"Serial","40.8690572,-115.7327192","",0,0
"LA","8 secs","2020-03-12 6:57.03pm","2020-03-12 6:56.55pm",0," Elko NV 89801","-","-","-","-","-","-","-",3,0,13,"0.8","-65",0,0,637,"Serial","40.8690586,-115.7326924","",0,0
"LA","9 secs","2020-03-12 6:55.03pm","2020-03-12 6:54.54pm",0," Elko NV 89801","-","-","-","-","-","-","-",3,38,14,"0.8","-71",0,0,636,"Serial","40.8690452,-115.7326951","Ignition Off",0,1
"LA","7 secs","2020-03-12 6:53.58pm","2020-03-12 6:53.51pm",0," Elko NV 89801","+","+","-","-","-","-","-",3,0,13,"0.8","-72",0,0,635,"Serial","40.8690411,-115.7326803","",3,3
"LA","7 secs","2020-03-12 6:51.48pm","2020-03-12 6:51.41pm",5," Elko NV 89801","+","+","-","-","-","-","-",3,0,15,"0.6","-61",0,0,634,"Serial","40.8688105,-115.7331497","",2,2
"LA","6 secs","2020-03-12 6:49.48pm","2020-03-12 6:49.42pm",0," Elko NV 89801","+","+","-","-","-","-","-",3,0,13,"0.8","-62",0,0,633,"Serial","40.8689338,-115.732683","",0,2
"LA","12 secs","2020-03-12 6:47.53pm","2020-03-12 6:47.41pm",0," Elko NV 89801","+","+","-","-","-","-","-",3,0,14,"0.8","-65",0,0,632,"Serial","40.8689419,-115.7327648","",0,0
"LA","47 secs","2020-03-12 6:47.53pm","2020-03-12 6:47.06pm",0,"4224 Ruby Vista Dr Elko NV 89801","+","+","-","-","-","-","-",3,2,14,"0.8","-71",0,0,631,"Serial","40.8686831,-115.7327983","Stopped Moving",4,2
"LA","7 secs","2020-03-12 6:45.48pm","2020-03-12 6:45.41pm",20,"Ruby Vista Dr Elko NV 89801","+","+","-","-","-","-","-",3,8,14,"0.8","-61",0,0,630,"Serial","40.8677121,-115.7321103","Moving",19,4
"LA","5 secs","2020-03-12 6:43.28pm","2020-03-12 6:43.23pm",36,"3210 Idaho St Elko NV 89801","+","+","-","-","-","-","-",3,8,13,"0.8","-61",0,0,629,"Serial","40.8540597,-115.7426769","Moving",21,2
"LA","10 secs","2020-03-12 6:41.23pm","2020-03-12 6:41.13pm",15,"1224 Idaho St [I-80-Bl/Nv-535] Elko NV 89801","+","+","-","-","-","-","-",3,8,15,"0.6","-40",0,0,628,"Serial","40.8384049,-115.7562757","Moving",0,0
"LA","13 secs","2020-03-12 6:41.23pm","2020-03-12 6:41.10pm",7,"1208 Idaho St [I-80-Bl/Nv-535] Elko NV 89801","+","+","-","-","-","-","-",3,5,16,"0.6","-29",0,0,627,"Serial","40.8382266,-115.7564567","Started Moving",0,1
"LA","7 secs","2020-03-12 6:40.58pm","2020-03-12 6:40.51pm",0,"1208 Idaho St [I-80-Bl/Nv-535] Elko NV 89801","+","+","-","-","-","-","-",3,2,16,"0.6","-34",0,0,626,"Serial","40.8381273,-115.7565037","Stopped Moving",2,0
"LA","5 secs","2020-03-12 6:40.27pm","2020-03-12 6:40.22pm",7,"160 12th St Elko NV 89801","+","+","-","-","-","-","-",3,5,15,"0.6","-28",0,0,625,"Serial","40.8366226,-115.7544558","Started Moving",1,1
"LA","5 secs","2020-03-12 6:39.57pm","2020-03-12 6:39.52pm",1,"160 12th St Elko NV 89801","+","+","-","-","-","-","-",3,2,16,"0.6","-26",0,0,624,"Serial","40.8364711,-115.7543217","Stopped Moving",5,0
"LA","9 secs","2020-03-12 6:39.22pm","2020-03-12 6:39.13pm",35,"S 12th St Elko NV 89801","+","+","-","-","-","-","-",3,8,16,"0.6","-34",0,0,623,"Serial","40.8336963,-115.7498156","Moving",20,4
"LA","4 secs","2020-03-12 6:37.17pm","2020-03-12 6:37.13pm",64,"2175 Lamoille Hwy [Nv-227] Elko NV 89801","+","+","-","-","-","-","-",3,8,14,"0.8","-62",0,0,622,"Serial","40.8294383,-115.7307692","Moving",38,3
"LA","8 secs","2020-03-12 6:35.07pm","2020-03-12 6:34.59pm",63,"Lamoille Hwy [Nv-227] Spring Creek NV 89815","+","+","-","-","-","-","-",3,8,15,"0.8","-69",0,0,621,"Serial","40.7985339,-115.7140631","Moving",34,2
"LA","8 secs","2020-03-12 6:32.57pm","2020-03-12 6:32.49pm",33,"Lamoille Hwy [Nv-227] Spring Creek NV 89815","+","+","-","-","-","-","-",3,8,16,"0.6","-34",0,0,620,"Serial","40.7858028,-115.6778023","Moving",25,2
"LA","12 secs","2020-03-12 6:31.01pm","2020-03-12 6:30.49pm",63,"14710 Lamoille Hwy [Nv-227] Spring Creek NV 89815","+","+","-","-","-","-","-",3,8,15,"0.6","-52",0,0,619,"Serial","40.7778474,-115.6506691","Moving",35,2
"LA","8 secs","2020-03-12 6:28.57pm","2020-03-12 6:28.49pm",63,"Lamoille Hwy [Nv-227] Spring Creek NV 89815","+","+","-","-","-","-","-",3,8,15,"0.6","-62",0,0,618,"Serial","40.7522215,-115.629544","Moving",17,1
"LA","6 secs","2020-03-12 6:27.37pm","2020-03-12 6:27.31pm",9,"Lamoille Hwy [Nv-227] Spring Creek NV 89815","+","+","-","-","-","-","-",3,5,16,"0.6","-71",0,0,617,"Serial","40.7388413,-115.6186422","Started Moving",0,0
"LA","4 secs","2020-03-12 6:27.27pm","2020-03-12 6:27.23pm",1,"Lamoille Hwy [Nv-227] Spring Creek NV 89815","+","+","-","-","-","-","-",3,2,15,"0.6","-66",0,0,616,"Serial","40.7387099,-115.6186167","Stopped Moving",6,1
"LA","8 secs","2020-03-12 6:26.57pm","2020-03-12 6:26.49pm",61,"Lamoille Hwy [Nv-227] Spring Creek NV 89815","+","+","-","-","-","-","-",3,8,13,"0.8","-64",0,0,615,"Serial","40.7347563,-115.6154476","Moving",33,2
"LA","8 secs","2020-03-12 6:24.57pm","2020-03-12 6:24.49pm",58,"Lamoille Hwy [Nv-227] Spring Creek NV 89815","+","+","-","-","-","-","-",3,8,16,"0.6","-69",0,0,614,"Serial","40.7222814,-115.5840282","Moving",32,2
"LA","8 secs","2020-03-12 6:22.57pm","2020-03-12 6:22.49pm",63,"Lamoille Hwy [Nv-227] Spring Creek NV 89815","+","+","-","-","-","-","-",3,8,16,"0.6","-58",0,0,613,"Serial","40.7246766,-115.5467375","Moving",39,3
"LA","9 secs","2020-03-12 6:20.42pm","2020-03-12 6:20.33pm",64,"Lamoille Hwy [Nv-227] Spring Creek NV 89815","+","+","-","-","-","-","-",3,8,15,"0.6","-49",0,0,612,"Serial","40.7224007,-115.5009817","Moving",19,1
"LA","7 secs","2020-03-12 6:19.22pm","2020-03-12 6:19.15pm",30,"1102 Lamoille Hwy [Nv-227] Lamoille NV 89828","+","+","-","-","-","-","-",3,3,14,"0.8","-72",0,0,611,"Serial","40.7273266,-115.4805996","Roll",2,0
"LA","4 secs","2020-03-12 6:19.02pm","2020-03-12 6:18.58pm",9,"Lamoille Hwy [Nv-227] Lamoille NV 89828","+","+","-","-","-","-","-",3,5,16,"0.6","-72",0,0,610,"Serial","40.7279315,-115.4785584","Started Moving",0,1
"LA","6 secs","2020-03-12 6:18.42pm","2020-03-12 6:18.36pm",2,"663 Country Ln S Lamoille NV 89828","+","+","-","-","-","-","-",3,0,15,"0.6","-72",0,0,609,"Serial","40.727855,-115.4783371","",0,0
"LA","9 secs","2020-03-12 6:18.42pm","2020-03-12 6:18.33pm",2,"663 Country Ln S Lamoille NV 89828","+","+","-","-","-","-","-",3,37,15,"0.8","-72",0,0,608,"Serial","40.7278336,-115.4783157","Ignition On",0,0
"LA","7 secs","2020-03-12 5:15.30pm","2020-03-12 5:15.23pm",0,"663 Country Ln S Lamoille NV 89828","-","-","-","-","-","-","-",3,0,16,"0.6","-73",0,0,607,"Serial","40.7277088,-115.4782473","",0,0
"LA","7 secs","2020-03-12 5:13.30pm","2020-03-12 5:13.23pm",0,"663 Country Ln S Lamoille NV 89828","-","-","-","-","-","-","-",3,0,17,"0.6","-76",0,0,606,"Serial","40.7276981,-115.478254","",0,0
"LA","8 secs","2020-03-12 5:11.30pm","2020-03-12 5:11.22pm",0,"668 Country Ln S Lamoille NV 89828","-","-","-","-","-","-","-",3,38,16,"0.6","-83",0,0,605,"Serial","40.7277263,-115.4782352","Ignition Off",0,0
"LA","10 secs","2020-03-12 5:11.05pm","2020-03-12 5:10.55pm",0,"668 Country Ln S Lamoille NV 89828","+","+","-","-","-","-","-",3,0,15,"0.6","-78",0,0,604,"Serial","40.7277236,-115.4782352","",0,1
"LA","6 secs","2020-03-12 5:10.50pm","2020-03-12 5:10.44pm",0,"663 Country Ln S Lamoille NV 89828","+","+","-","-","-","-","-",3,2,15,"0.6","-74",0,0,603,"Serial","40.7277061,-115.4782446","Stopped Moving",3,0
"LA","8 secs","2020-03-12 5:10.10pm","2020-03-12 5:10.02pm",25,"1127 Lamoille Hwy [Nv-227] Lamoille NV 89828","+","+","-","-","-","-","-",3,3,17,"0.6","-79",0,0,602,"Serial","40.7271603,-115.4811682","Roll",2,0
"LA","7 secs","2020-03-12 5:09.55pm","2020-03-12 5:09.48pm",10,"1188 Lamoille Hwy [Nv-227] Lamoille NV 89828","+","+","-","-","-","-","-",3,5,17,"0.6","-73",0,0,601,"Serial","40.7266976,-115.4826837","Started Moving",0,1
"LA","10 secs","2020-03-12 5:09.05pm","2020-03-12 5:08.55pm",1,"870 Woodside Ln Lamoille NV 89828","+","+","-","-","-","-","-",3,0,17,"0.6","-70",0,0,600,"Serial","40.7269712,-115.483031","",0,0
"LA","11 secs","2020-03-12 5:09.05pm","2020-03-12 5:08.54pm",1,"870 Woodside Ln Lamoille NV 89828","+","+","-","-","-","-","-",3,37,17,"0.6","-70",0,0,599,"Serial","40.7269712,-115.483031","Ignition On",0,0
"LA","6 secs","2020-03-12 5:06.10pm","2020-03-12 5:06.04pm",0,"Woodside Ln Lamoille NV 89828","-","-","-","-","-","-","-",3,0,16,"0.6","-61",0,0,598,"Serial","40.7270128,-115.4830645","",0,0
"LA","6 secs","2020-03-12 5:04.10pm","2020-03-12 5:04.04pm",0,"Woodside Ln Lamoille NV 89828","-","-","-","-","-","-","-",3,0,14,"0.6","-61",0,0,597,"Serial","40.7270115,-115.4830726","",0,0
"LA","7 secs","2020-03-12 5:02.10pm","2020-03-12 5:02.03pm",0,"Woodside Ln Lamoille NV 89828","-","-","-","-","-","-","-",3,38,17,"0.6","-61",0,0,596,"Serial","40.7270034,-115.4830726","Ignition Off",0,1
"LA","6 secs","2020-03-12 5:01.25pm","2020-03-12 5:01.19pm",1,"Woodside Ln Lamoille NV 89828","+","+","-","-","-","-","-",3,2,17,"0.6","-71",0,0,595,"Serial","40.7270155,-115.4830672","Stopped Moving",1,0
"LA","7 secs","2020-03-12 5:01.05pm","2020-03-12 5:00.58pm",18,"Lamoille Hwy [Nv-227] Lamoille NV 89828","+","+","-","-","-","-","-",3,8,16,"0.6","-74",0,0,594,"Serial","40.726522,-115.4832603","Moving",28,3
"LA","6 secs","2020-03-12 4:59.05pm","2020-03-12 4:58.59pm",63,"Lamoille Hwy [Nv-227] Spring Creek NV 89815","+","+","-","-","-","-","-",3,8,17,"0.6","-59",0,0,593,"Serial","40.722445,-115.5147803","Moving",35,3
"LA","9 secs","2020-03-12 4:57.00pm","2020-03-12 4:56.51pm",64,"Lamoille Hwy [Nv-227] Spring Creek NV 89815","+","+","-","-","-","-","-",3,8,17,"0.6","-64",0,0,592,"Serial","40.7253042,-115.5553219","Moving",32,2
"LA","9 secs","2020-03-12 4:55.00pm","2020-03-12 4:54.51pm",63,"Lamoille Hwy [Nv-227] Spring Creek NV 89815","+","+","-","-","-","-","-",3,8,17,"0.6","-64",0,0,591,"Serial","40.7222894,-115.5927092","Moving",31,2
"LA","9 secs","2020-03-12 4:53.00pm","2020-03-12 4:52.51pm",24,"Lamoille Hwy [Nv-227] Spring Creek NV 89815","+","+","-","-","-","-","-",3,8,17,"0.6","-70",0,0,590,"Serial","40.7383585,-115.618504","Moving",26,2
"LA","8 secs","2020-03-12 4:51.00pm","2020-03-12 4:50.52pm",60,"Lamoille Hwy [Nv-227] Spring Creek NV 89815","+","+","-","-","-","-","-",3,8,16,"0.6","-66",0,0,589,"Serial","40.758396,-115.6345342","Moving",27,2
"LA","8 secs","2020-03-12 4:49.00pm","2020-03-12 4:48.52pm",41,"Lamoille Hwy [Nv-227] Spring Creek NV 89815","+","+","-","-","-","-","-",3,8,13,"0.8","-56",0,0,588,"Serial","40.7781746,-115.6515287","Moving",21,1
"LA","7 secs","2020-03-12 4:47.30pm","2020-03-12 4:47.23pm",35,"14905 Lamoille Hwy [Nv-227] Spring Creek NV 89815","+","+","-","-","-","-","-",3,3,17,"0.6","-41",0,0,587,"Serial","40.785037,-115.6744214","Roll",2,1
"LA","21 secs","2020-03-12 4:47.29pm","2020-03-12 4:47.08pm",10,"258 Spring Valley Pkwy Spring Creek NV 89815","+","+","-","-","-","-","-",3,5,16,"0.6","-37",0,0,586,"Serial","40.7855359,-115.6760911","Started Moving",0,0
"LA","9 secs","2020-03-12 4:47.00pm","2020-03-12 4:46.51pm",0,"258 Spring Valley Pkwy Spring Creek NV 89815","+","+","-","-","-","-","-",3,0,16,"0.6","-32",0,0,585,"Serial","40.7857451,-115.6760589","",0,1
"LA","7 secs","2020-03-12 4:46.15pm","2020-03-12 4:46.08pm",0,"259 Spring Valley Pkwy Spring Creek NV 89815","+","+","-","-","-","-","-",3,2,16,"0.6","-41",0,0,584,"Serial","40.7857626,-115.6760911","Stopped Moving",1,0
"LA","8 secs","2020-03-12 4:46.00pm","2020-03-12 4:45.52pm",7,"265 Spring Valley Pkwy Spring Creek NV 89815","+","+","-","-","-","-","-",3,5,17,"0.6","-39",0,0,583,"Serial","40.7865686,-115.6758215","Started Moving",0,0
"LA","6 secs","2020-03-12 4:45.30pm","2020-03-12 4:45.24pm",3,"265 Spring Valley Pkwy Spring Creek NV 89815","+","+","-","-","-","-","-",3,2,17,"0.6","-43",0,0,582,"Serial","40.7867644,-115.6758725","Stopped Moving",1,1
"LA","5 secs","2020-03-12 4:45.05pm","2020-03-12 4:45.00pm",7,"564 Spring Valley Ct Spring Creek NV 89815","+","+","-","-","-","-","-",3,5,16,"0.6","-43",0,0,581,"Serial","40.7865941,-115.6769239","Started Moving",1,0
"LA","8 secs","2020-03-12 4:45.00pm","2020-03-12 4:44.52pm",1,"259 Spring Valley Pkwy Spring Creek NV 89815","+","+","-","-","-","-","-",3,0,17,"0.6","-43",0,0,580,"Serial","40.7864291,-115.6769614","",0,0
"LA","9 secs","2020-03-12 4:45.00pm","2020-03-12 4:44.51pm",0,"259 Spring Valley Pkwy Spring Creek NV 89815","+","+","-","-","-","-","-",3,37,17,"0.6","-43",0,0,579,"Serial","40.7864237,-115.6769614","Ignition On",0,0
"LA","8 secs","2020-03-12 3:22.44pm","2020-03-12 3:22.36pm",0,"564 Spring Valley Ct Spring Creek NV 89815","-","-","-","-","-","-","-",3,0,19,"0.6","-42",0,0,578,"Serial","40.7864653,-115.6769869","",0,0
"LA","3 secs","2020-03-12 3:20.39pm","2020-03-12 3:20.36pm",0,"259 Spring Valley Pkwy Spring Creek NV 89815","-","-","-","-","-","-","-",3,0,18,"0.6","-42",0,0,577,"Serial","40.7864009,-115.6769641","",0,0
"LA","3 secs","2020-03-12 3:18.39pm","2020-03-12 3:18.36pm",0,"259 Spring Valley Pkwy Spring Creek NV 89815","-","-","-","-","-","-","-",3,38,17,"0.6","-49",0,0,576,"Serial","40.7864103,-115.6769601","Ignition Off",0,1
"LA","7 secs","2020-03-12 3:17.14pm","2020-03-12 3:17.07pm",0,"259 Spring Valley Pkwy Spring Creek NV 89815","+","+","-","-","-","-","-",3,2,18,"0.6","-47",0,0,575,"Serial","40.786295,-115.6769963","Stopped Moving",1,1
"LA","5 secs","2020-03-12 3:16.45pm","2020-03-12 3:16.40pm",13,"259 Spring Valley Pkwy Spring Creek NV 89815","+","+","-","-","-","-","-",3,8,18,"0.6","-47",0,0,574,"Serial","40.7862373,-115.6762574","Moving",2,0
"LA","8 secs","2020-03-12 3:16.19pm","2020-03-12 3:16.11pm",9,"Lamoille Hwy [Nv-227] Spring Creek NV 89815","+","+","-","-","-","-","-",3,5,17,"0.6","-36",0,0,573,"Serial","40.7854943,-115.676311","Started Moving",0,0
"LA","7 secs","2020-03-12 3:16.09pm","2020-03-12 3:16.02pm",0,"Lamoille Hwy [Nv-227] Spring Creek NV 89815","+","+","-","-","-","-","-",3,2,18,"0.6","-44",0,0,572,"Serial","40.7855198,-115.6764545","Stopped Moving",18,2
"LA","5 secs","2020-03-12 3:14.44pm","2020-03-12 3:14.39pm",67,"Lamoille Hwy [Nv-227] Spring Creek NV 89815","+","+","-","-","-","-","-",3,8,16,"0.6","-60",0,0,571,"Serial","40.7882946,-115.6972376","Moving",30,2
"LA","5 secs","2020-03-12 3:12.44pm","2020-03-12 3:12.39pm",48,"Lamoille Hwy [Nv-227] Spring Creek NV 89815","+","+","-","-","-","-","-",3,8,16,"0.6","-70",0,0,570,"Serial","40.8079686,-115.7207042","Moving",31,2
"LA","3 secs","2020-03-12 3:10.24pm","2020-03-12 3:10.21pm",48,"2070 Lamoille Hwy [Nv-227] Elko NV 89801","+","+","-","-","-","-","-",3,8,17,"0.6","-44",0,0,569,"Serial","40.8336212,-115.7330116","Moving",8,1
"LA","4 secs","2020-03-12 3:09.39pm","2020-03-12 3:09.35pm",9,"Lamoille Hwy [Nv-227] Elko NV 89801","+","+","-","-","-","-","-",3,5,13,"0.6","-46",0,0,568,"Serial","40.8327938,-115.7416416","Started Moving",1,1
"LA","3 secs","2020-03-12 3:09.09pm","2020-03-12 3:09.06pm",9,"1501 Lamoille Hwy [Nv-227] Elko NV 89801","+","+","-","-","-","-","-",3,2,18,"0.6","-44",0,0,567,"Serial","40.8327844,-115.7417891","Stopped Moving",8,1
"LA","6 secs","2020-03-12 3:08.09pm","2020-03-12 3:08.03pm",30,"764 S 5th St [Nv-227] Elko NV 89801","+","+","-","-","-","-","-",3,8,18,"0.6","-54",0,0,566,"Serial","40.8275889,-115.7485053","Moving",5,0
"LA","7 secs","2020-03-12 3:07.29pm","2020-03-12 3:07.22pm",26,"546 S 5th St [Nv-227] Elko NV 89801","+","+","-","-","-","-","-",3,3,16,"0.6","-53",0,0,565,"Serial","40.8268218,-115.7545349","Roll",2,1
"LA","8 secs","2020-03-12 3:07.14pm","2020-03-12 3:07.06pm",7,"482 S 5th St [Nv-227] Elko NV 89801","+","+","-","-","-","-","-",3,5,16,"0.6","-56",0,0,564,"Serial","40.8276426,-115.7558975","Started Moving",0,0
"LA","6 secs","2020-03-12 3:06.49pm","2020-03-12 3:06.43pm",0,"438 S 5th St [Nv-227] Elko NV 89801","+","+","-","-","-","-","-",3,2,16,"0.6","-46",0,0,563,"Serial","40.8277619,-115.7560705","Stopped Moving",0,0
"LA","7 secs","2020-03-12 3:06.38pm","2020-03-12 3:06.31pm",9,"430 S 5th St [Nv-227] Elko NV 89801","+","+","-","-","-","-","-",3,5,17,"0.6","-57",0,0,562,"Serial","40.8279832,-115.7564286","Started Moving",1,1
"LA","6 secs","2020-03-12 3:06.08pm","2020-03-12 3:06.02pm",0," Elko NV 89801","+","+","-","-","-","-","-",3,0,14,"0.6","-62",0,0,561,"Serial","40.8281723,-115.7567625","",0,0
"LA","7 secs","2020-03-12 3:06.08pm","2020-03-12 3:06.01pm",0," Elko NV 89801","+","+","-","-","-","-","-",3,37,14,"0.6","-62",0,0,560,"Serial","40.8281723,-115.7567625","Ignition On",0,0
"LA","5 secs","2020-03-12 3:00.13pm","2020-03-12 3:00.08pm",0,"430 S 5th St [Nv-227] Elko NV 89801","-","-","-","-","-","-","-",3,0,16,"0.6","-57",0,0,559,"Serial","40.8281348,-115.7567116","",0,0
"LA","5 secs","2020-03-12 2:58.13pm","2020-03-12 2:58.08pm",0,"430 S 5th St [Nv-227] Elko NV 89801","-","-","-","-","-","-","-",3,0,15,"0.6","-42",0,0,558,"Serial","40.8281535,-115.7567303","",0,0
"LA","5 secs","2020-03-12 2:56.13pm","2020-03-12 2:56.08pm",0,"430 S 5th St [Nv-227] Elko NV 89801","-","-","-","-","-","-","-",3,38,16,"0.6","-58",0,0,557,"Serial","40.8281401,-115.7567384","Ignition Off",0,0
"LA","5 secs","2020-03-12 2:55.38pm","2020-03-12 2:55.33pm",0," Elko NV 89801","+","+","-","-","-","-","-",3,0,17,"0.6","-60",0,0,556,"Serial","40.8281254,-115.7567558","",0,1
"LA","5 secs","2020-03-12 2:55.23pm","2020-03-12 2:55.18pm",0," Elko NV 89801","+","+","-","-","-","-","-",3,2,16,"0.6","-49",0,0,555,"Serial","40.8281294,-115.7567545","Stopped Moving",5,1
"LA","8 secs","2020-03-12 2:54.33pm","2020-03-12 2:54.25pm",10,"5th St [Nv-227] Elko NV 89801","+","+","-","-","-","-","-",3,5,15,"0.6","-61",0,0,554,"Serial","40.8313615,-115.7613276","Started Moving",0,0
"LA","6 secs","2020-03-12 2:54.23pm","2020-03-12 2:54.17pm",2,"261 5th St [Nv-227] Elko NV 89801","+","+","-","-","-","-","-",3,2,15,"0.6","-61",0,0,553,"Serial","40.8315063,-115.761557","Stopped Moving",2,0
"LA","9 secs","2020-03-12 2:53.58pm","2020-03-12 2:53.49pm",9,"397 5th St [Nv-227] Elko NV 89801","+","+","-","-","-","-","-",3,5,17,"0.6","-62",0,0,552,"Serial","40.8324464,-115.7631113","Started Moving",1,1
"LA","12 secs","2020-03-12 2:53.43pm","2020-03-12 2:53.31pm",0,"500 Idaho St [I-80-Bl/Nv-535] Elko NV 89801","+","+","-","-","-","-","-",3,0,14,"0.6","-64",0,0,551,"Serial","40.8328327,-115.7629262","",0,0
"LA","13 secs","2020-03-12 2:53.08pm","2020-03-12 2:52.55pm",0,"505 Idaho St [I-80-Bl/Nv-535] Elko NV 89801","+","+","-","-","-","-","-",3,2,14,"0.6","-64",0,0,550,"Serial","40.8328461,-115.762945","Stopped Moving",3,2
"LA","10 secs","2020-03-12 2:52.28pm","2020-03-12 2:52.18pm",24,"837 Idaho St [I-80-Bl/Nv-535] Elko NV 89801","+","+","-","-","-","-","-",3,3,14,"0.6","-63",0,0,549,"Serial","40.8353687,-115.7599892","Roll",2,0
"LA","11 secs","2020-03-12 2:52.08pm","2020-03-12 2:51.57pm",10,"927 Idaho St [I-80-Bl/Nv-535] Elko NV 89801","+","+","-","-","-","-","-",3,5,17,"0.6","-55",0,0,548,"Serial","40.8363785,-115.7587943","Started Moving",1,1
"LA","9 secs","2020-03-12 2:51.43pm","2020-03-12 2:51.34pm",3,"368 10th St Elko NV 89801","+","+","-","-","-","-","-",3,0,13,"0.8","-51",0,0,547,"Serial","40.8362994,-115.7581385","",0,0
"LA","10 secs","2020-03-12 2:51.43pm","2020-03-12 2:51.33pm",3,"368 10th St Elko NV 89801","+","+","-","-","-","-","-",3,37,13,"0.8","-51",0,0,546,"Serial","40.8363142,-115.7581197","Ignition On",0,0
"LA","7 secs","2020-03-12 2:20.27pm","2020-03-12 2:20.20pm",0,"1032 Idaho St [I-80-Bl/Nv-535] Elko NV 89801","-","-","-","-","-","-","-",3,0,17,"0.6","-59",0,0,545,"Serial","40.8365864,-115.7578502","",0,0
"LA","7 secs","2020-03-12 2:18.27pm","2020-03-12 2:18.20pm",0,"1032 Idaho St [I-80-Bl/Nv-535] Elko NV 89801","-","-","-","-","-","-","-",3,0,15,"0.6","-51",0,0,544,"Serial","40.8365784,-115.7577818","",0,0
"LA","7 secs","2020-03-12 2:16.27pm","2020-03-12 2:16.20pm",0,"1032 Idaho St [I-80-Bl/Nv-535] Elko NV 89801","-","-","-","-","-","-","-",3,38,13,"0.8","-63",0,0,543,"Serial","40.8365784,-115.7577911","Ignition Off",1,1
"LA","11 secs","2020-03-12 2:14.57pm","2020-03-12 2:14.46pm",1,"1032 Idaho St [I-80-Bl/Nv-535] Elko NV 89801","+","+","-","-","-","-","-",3,0,16,"0.6","-45",0,0,542,"Serial","40.836742,-115.7576758","",0,0
"LA","12 secs","2020-03-12 2:14.57pm","2020-03-12 2:14.45pm",1,"1032 Idaho St [I-80-Bl/Nv-535] Elko NV 89801","+","+","-","-","-","-","-",3,37,16,"0.6","-45",0,0,541,"Serial","40.8367406,-115.7576718","Ignition On",0,0
"LA","5 secs","2020-03-12 1:55.21pm","2020-03-12 1:55.16pm",0,"1084 Idaho St [I-80-Bl/Nv-535] Elko NV 89801","-","-","-","-","-","-","-",3,0,16,"0.6","-54",0,0,540,"Serial","40.836805,-115.7575833","",0,0
"LA","5 secs","2020-03-12 1:53.01pm","2020-03-12 1:52.56pm",0,"1084 Idaho St [I-80-Bl/Nv-535] Elko NV 89801","-","-","-","-","-","-","-",3,38,14,"0.8","-38",0,0,539,"Serial","40.8368399,-115.7575565","Ignition Off",0,1
"LA","6 secs","2020-03-12 1:52.06pm","2020-03-12 1:52.00pm",0,"1084 Idaho St [I-80-Bl/Nv-535] Elko NV 89801","+","+","-","-","-","-","-",3,0,14,"0.8","-54",0,0,538,"Serial","40.8368439,-115.7575672","",1,1
"LA","21 secs","2020-03-12 1:51.18pm","2020-03-12 1:50.57pm",3,"1119 Idaho St [I-80-Bl/Nv-535] Elko NV 89801","+","+","-","-","-","-","-",3,2,18,"0.6","-50",0,0,537,"Serial","40.8373723,-115.7576342","Stopped Moving",1,1
"LA","3 secs","2020-03-12 1:50.36pm","2020-03-12 1:50.33pm",9,"1243 Idaho St [I-80-Bl/Nv-535] Elko NV 89801","+","+","-","-","-","-","-",3,5,14,"0.6","-32",0,0,536,"Serial","40.8383701,-115.7563226","Started Moving",1,0
"LA","7 secs","2020-03-12 1:50.21pm","2020-03-12 1:50.14pm",0,"1261 Idaho St [I-80-Bl/Nv-535] Elko NV 89801","+","+","-","-","-","-","-",3,2,16,"0.6","-50",0,0,535,"Serial","40.8385659,-115.7562153","Stopped Moving",1,0
"LA","5 secs","2020-03-12 1:50.06pm","2020-03-12 1:50.01pm",28,"1349 Idaho St [I-80-Bl/Nv-535] Elko NV 89801","+","+","-","-","-","-","-",3,8,18,"0.6","-43",0,0,534,"Serial","40.8393182,-115.7553584","Moving",17,3
"LA","5 secs","2020-03-12 1:48.06pm","2020-03-12 1:48.01pm",13,"2520 Idaho St Elko NV 89801","+","+","-","-","-","-","-",3,8,16,"0.6","-39",0,0,533,"Serial","40.8505326,-115.7440354","Moving",2,2
"LA","4 secs","2020-03-12 1:47.01pm","2020-03-12 1:46.57pm",7,"2562 Idaho St Elko NV 89801","+","+","-","-","-","-","-",3,3,18,"0.6","-57",0,0,532,"Serial","40.8507082,-115.7422182","Roll",1,0
"LA","2 secs","2020-03-12 1:46.36pm","2020-03-12 1:46.34pm",9,"2562 Idaho St Elko NV 89801","+","+","-","-","-","-","-",3,5,18,"0.6","-51",0,0,531,"Serial","40.8516631,-115.7423497","Started Moving",1,1
"LA","5 secs","2020-03-12 1:46.06pm","2020-03-12 1:46.01pm",0,"2592 Idaho St Elko NV 89801","+","+","-","-","-","-","-",3,0,15,"0.6","-54",0,0,530,"Serial","40.8520239,-115.74309","",0,0
"LA","6 secs","2020-03-12 1:46.06pm","2020-03-12 1:46.00pm",1,"2592 Idaho St Elko NV 89801","+","+","-","-","-","-","-",3,37,15,"0.6","-57",0,0,529,"Serial","40.8520225,-115.7430779","Ignition On",0,0
"LA","2 secs","2020-03-12 1:23.25pm","2020-03-12 1:23.23pm",0,"2592 Idaho St Elko NV 89801","-","-","-","-","-","-","-",3,0,14,"0.6","-57",0,0,528,"Serial","40.8520695,-115.7431946","",0,0
"LA","1 sec","2020-03-12 1:21.25pm","2020-03-12 1:21.24pm",0,"2592 Idaho St Elko NV 89801","-","-","-","-","-","-","-",3,0,14,"0.6","-55",0,0,527,"Serial","40.8520668,-115.7432174","",0,0
"LA","7 secs","2020-03-12 1:19.30pm","2020-03-12 1:19.23pm",0,"2592 Idaho St Elko NV 89801","-","-","-","-","-","-","-",3,38,14,"0.8","-58",0,0,526,"Serial","40.8520668,-115.7432187","Ignition Off",0,0
"LA","11 secs","2020-03-12 1:18.50pm","2020-03-12 1:18.39pm",1,"2960 Idaho St Elko NV 89801","+","+","-","-","-","-","-",3,2,16,"0.8","-44",0,0,525,"Serial","40.8521164,-115.7431731","Stopped Moving",1,1
"LA","7 secs","2020-03-12 1:18.15pm","2020-03-12 1:18.08pm",3,"3019 Idaho St Elko NV 89801","+","+","-","-","-","-","-",3,8,15,"0.6","-35",0,0,524,"Serial","40.8524302,-115.7439872","Moving",5,1
"LA","11 secs","2020-03-12 1:17.40pm","2020-03-12 1:17.29pm",37,"Idaho St Elko NV 89801","+","+","-","-","-","-","-",3,3,17,"0.6","-43",0,0,523,"Serial","40.8563141,-115.740853","Roll",2,0
"LA","11 secs","2020-03-12 1:17.25pm","2020-03-12 1:17.14pm",7,"Idaho St Elko NV 89801","+","+","-","-","-","-","-",3,5,16,"0.6","-49",0,0,522,"Serial","40.8577168,-115.7397305","Started Moving",0,1
"LA","9 secs","2020-03-12 1:16.15pm","2020-03-12 1:16.06pm",2," Elko NV 89801","+","+","-","-","-","-","-",3,0,16,"0.6","-49",0,0,521,"Serial","40.857969,-115.7391806","",1,0
"LA","10 secs","2020-03-12 1:16.15pm","2020-03-12 1:16.05pm",2," Elko NV 89801","+","+","-","-","-","-","-",3,37,16,"0.6","-49",0,0,520,"Serial","40.8579851,-115.7391699","Ignition On",0,0
"LA","8 secs","2020-03-12 1:00.45pm","2020-03-12 1:00.37pm",0," Elko NV 89801","-","-","-","-","-","-","-",3,0,13,"0.8","-46",0,0,519,"Serial","40.8580173,-115.7390801","",0,0
"LA","8 secs","2020-03-12 12:58.45pm","2020-03-12 12:58.37pm",0," Elko NV 89801","-","-","-","-","-","-","-",3,0,14,"0.6","-51",0,0,518,"Serial","40.8580374,-115.7391055","",0,0
"LA","8 secs","2020-03-12 12:56.45pm","2020-03-12 12:56.37pm",0," Elko NV 89801","-","-","-","-","-","-","-",3,38,16,"0.6","-61",0,0,517,"Serial","40.8580387,-115.7391136","Ignition Off",0,1
"LA","11 secs","2020-03-12 12:56.00pm","2020-03-12 12:55.49pm",1," Elko NV 89801","+","+","-","-","-","-","-",3,2,16,"0.6","-54",0,0,516,"Serial","40.8580307,-115.7391002","Stopped Moving",0,0
"LA","7 secs","2020-03-12 12:55.35pm","2020-03-12 12:55.28pm",13,"3650 Idaho St Elko NV 89801","+","+","-","-","-","-","-",3,8,16,"0.6","-56",0,0,515,"Serial","40.8576511,-115.7395696","Moving",9,1
"LA","10 secs","2020-03-12 12:54.35pm","2020-03-12 12:54.25pm",9,"E Jennings Way [I-80-Bl/Nv-535] Elko NV 89801","+","+","-","-","-","-","-",3,5,16,"0.6","-58",0,0,514,"Serial","40.8509657,-115.7454329","Started Moving",0,1
"LA","9 secs","2020-03-12 12:53.30pm","2020-03-12 12:53.21pm",0,"E Jennings Way [I-80-Bl/Nv-535] Elko NV 89801","+","+","-","-","-","-","-",3,0,16,"0.6","-50",0,0,513,"Serial","40.8509979,-115.7455415","",1,1
"LA","9 secs","2020-03-12 12:52.40pm","2020-03-12 12:52.31pm",7,"E Jennings Way [I-80-Bl/Nv-535] Elko NV 89801","+","+","-","-","-","-","-",3,2,16,"0.6","-45",0,0,512,"Serial","40.8511293,-115.7457695","Stopped Moving",3,1
"LA","11 secs","2020-03-12 12:52.10pm","2020-03-12 12:52.21pm",18,"E Jennings Way [I-80-Bl/Nv-535] Elko NV 89801","+","+","-","-","-","-","-",3,3,16,"0.6","-50",0,0,511,"Serial","40.8527668,-115.7477677","Roll",1,0
"LA","7 secs","2020-03-12 12:51.55pm","2020-03-12 12:51.48pm",7,"1165 E Jennings Way [Nv-535] Elko NV 89801","+","+","-","-","-","-","-",3,5,17,"0.6","-40",0,0,510,"Serial","40.8535849,-115.7486636","Started Moving",1,0
"LA","7 secs","2020-03-12 12:51.25pm","2020-03-12 12:51.18pm",1,"2555 E Jennings Way Elko NV 89801","+","+","-","-","-","-","-",3,0,16,"0.6","-39",0,0,509,"Serial","40.8534025,-115.7490579","",0,0
"LA","13 secs","2020-03-12 12:51.25pm","2020-03-12 12:51.12pm",1,"2555 E Jennings Way Elko NV 89801","+","+","-","-","-","-","-",3,37,15,"0.8","-39",0,0,508,"Serial","40.8533395,-115.7490512","Ignition On",0,0
"LA","12 secs","2020-03-12 11:36.27am","2020-03-12 11:36.15am",0,"2555 E Jennings Way Elko NV 89801","-","-","-","-","-","-","-",3,0,14,"0.6","-41",0,0,507,"Serial","40.8532389,-115.7490901","",0,0
"LA","8 secs","2020-03-12 11:34.23am","2020-03-12 11:34.15am",0,"2555 E Jennings Way Elko NV 89801","-","-","-","-","-","-","-",3,0,13,"0.6","-32",0,0,506,"Serial","40.8532376,-115.7490901","",0,0
"LA","4 secs","2020-03-12 11:32.18am","2020-03-12 11:32.14am",0,"2555 E Jennings Way Elko NV 89801","-","-","-","-","-","-","-",3,38,12,"0.8","-38",0,0,505,"Serial","40.8532376,-115.7490901","Ignition Off",0,1
"LA","8 secs","2020-03-12 11:31.38am","2020-03-12 11:31.30am",1,"2555 E Jennings Way Elko NV 89801","+","+","-","-","-","-","-",3,2,14,"0.6","-50",0,0,504,"Serial","40.8532362,-115.7490619","Stopped Moving",1,1
"LA","8 secs","2020-03-12 11:30.33am","2020-03-12 11:30.25am",14,"2008 Rudy Vista Dr Elko NV 89801","+","+","-","-","-","-","-",3,8,15,"0.6","-39",0,0,503,"Serial","40.8529264,-115.7495729","Moving",9,2
"LA","7 secs","2020-03-12 11:29.03am","2020-03-12 11:28.56am",9,"E Jennings Way [I-80-Bl/Nv-535] Elko NV 89801","+","+","-","-","-","-","-",3,5,15,"0.6","-47",0,0,502,"Serial","40.8510395,-115.745453","Started Moving",0,0
"LA","7 secs","2020-03-12 11:28.53am","2020-03-12 11:28.46am",1,"3019 Idaho St Elko NV 89801","+","+","-","-","-","-","-",3,2,13,"0.8","-51",0,0,501,"Serial","40.8511065,-115.7451942","Stopped Moving",0,0
"LA","5 secs","2020-03-12 11:28.43am","2020-03-12 11:28.38am",18,"3019 Idaho St Elko NV 89801","+","+","-","-","-","-","-",3,3,14,"0.6","-51",0,0,500,"Serial","40.851411,-115.7448964","Roll",1,0
"LA","7 secs","2020-03-12 11:28.33am","2020-03-12 11:28.26am",9,"3019 Idaho St Elko NV 89801","+","+","-","-","-","-","-",3,8,15,"0.6","-56",0,0,499,"Serial","40.8520239,-115.7443506","Moving",1,1
"LA","5 secs","2020-03-12 11:28.13am","2020-03-12 11:28.08am",9,"3019 Idaho St Elko NV 89801","+","+","-","-","-","-","-",3,5,15,"0.6","-59",0,0,498,"Serial","40.8524597,-115.74471","Started Moving",1,1
"LA","7 secs","2020-03-12 11:26.33am","2020-03-12 11:26.26am",0," Elko NV 89801","+","+","-","-","-","-","-",3,0,11,"0.8","-52",0,0,497,"Serial","40.8524275,-115.7454369","",0,0
"LA","8 secs","2020-03-12 11:26.33am","2020-03-12 11:26.25am",0," Elko NV 89801","+","+","-","-","-","-","-",3,37,11,"0.8","-52",0,0,496,"Serial","40.8524275,-115.7454369","Ignition On",0,0
"LA","4 secs","2020-03-12 11:22.17am","2020-03-12 11:22.13am",0," Elko NV 89801","-","-","-","-","-","-","-",3,0,12,"0.8","-48",0,0,495,"Serial","40.8524262,-115.7454677","",0,0
"LA","4 secs","2020-03-12 11:20.18am","2020-03-12 11:20.14am",0," Elko NV 89801","-","-","-","-","-","-","-",3,0,12,"0.8","-42",0,0,494,"Serial","40.8524047,-115.745461","",0,0
"LA","5 secs","2020-03-12 11:18.18am","2020-03-12 11:18.13am",0," Elko NV 89801","-","-","-","-","-","-","-",3,38,12,"0.8","-52",0,0,493,"Serial","40.8524222,-115.7454637","Ignition Off",0,1
"LA","4 secs","2020-03-12 11:17.22am","2020-03-12 11:17.18am",0," Elko NV 89801","+","+","-","-","-","-","-",3,0,12,"0.8","-47",0,0,492,"Serial","40.8524383,-115.7454637","",0,0
"LA","5 secs","2020-03-12 11:17.22am","2020-03-12 11:17.17am",0," Elko NV 89801","+","+","-","-","-","-","-",3,37,13,"0.8","-47",0,0,491,"Serial","40.8524383,-115.7454637","Ignition On",0,0
"LA","16 secs","2020-03-12 11:15.39am","2020-03-12 11:15.23am",0," Elko NV 89801","-","-","-","-","-","-","-",3,38,10,1,"-45",0,0,490,"Serial","40.852445,-115.7454557","Ignition Off",0,0
"LA","20 secs","2020-03-12 11:15.37am","2020-03-12 11:15.17am",0," Elko NV 89801","+","+","-","-","-","-","-",3,0,10,1,"-41",0,0,489,"Serial","40.852445,-115.7454557","",2,2
"LA","6 secs","2020-03-12 11:13.23am","2020-03-12 11:13.17am",3,"3019 Idaho St Elko NV 89801","+","+","-","-","-","-","-",3,0,15,"0.6","-45",0,0,488,"Serial","40.8516591,-115.7449085","",1,0
"LA","4 secs","2020-03-12 11:13.07am","2020-03-12 11:13.03am",1,"3019 Idaho St Elko NV 89801","+","+","-","-","-","-","-",3,2,15,"0.6","-47",0,0,487,"Serial","40.851529,-115.7447637","Stopped Moving",15,3
"LA","5 secs","2020-03-12 11:11.22am","2020-03-12 11:11.17am",25,"1430 Idaho St [I-80-Bl/Nv-535] Elko NV 89801","+","+","-","-","-","-","-",3,8,15,"0.6","-52",0,0,486,"Serial","40.8397112,-115.7548367","Moving",5,1
"LA","5 secs","2020-03-12 11:10.27am","2020-03-12 11:10.22am",9,"12th St Elko NV 89801","+","+","-","-","-","-","-",3,5,15,"0.6","-35",0,0,485,"Serial","40.8368694,-115.754783","Started Moving",0,0
"LA","5 secs","2020-03-12 11:09.52am","2020-03-12 11:09.47am",0,"Silver St Elko NV 89801","+","+","-","-","-","-","-",3,2,15,"0.6","-39",0,0,484,"Serial","40.8364536,-115.7550057","Stopped Moving",3,1
"LA","5 secs","2020-03-12 11:09.22am","2020-03-12 11:09.17am",24,"952 Silver St Elko NV 89801","+","+","-","-","-","-","-",3,8,15,"0.6","-59",0,0,483,"Serial","40.8347142,-115.7569771","Moving",5,1
"LA","11 secs","2020-03-12 11:08.37am","2020-03-12 11:08.26am",9,"558 Silver St Elko NV 89801","+","+","-","-","-","-","-",3,5,15,"0.6","-46",0,0,482,"Serial","40.8313266,-115.7610326","Started Moving",1,1
"LA","8 secs","2020-03-12 11:07.52am","2020-03-12 11:07.44am",1,"Silver St Elko NV 89801","+","+","-","-","-","-","-",3,2,14,"0.6","-55",0,0,481,"Serial","40.8310999,-115.7613223","Stopped Moving",0,0
"LA","10 secs","2020-03-12 11:07.47am","2020-03-12 11:07.37am",12,"405 Silver St Elko NV 89801","+","+","-","-","-","-","-",3,3,14,"0.6","-52",0,0,480,"Serial","40.8309202,-115.7614685","Roll",1,0
"LA","11 secs","2020-03-12 11:07.32am","2020-03-12 11:07.21am",9,"390 Silver St Elko NV 89801","+","+","-","-","-","-","-",3,5,14,"0.6","-52",0,0,479,"Serial","40.8302698,-115.7622597","Started Moving",0,1
"LA","9 secs","2020-03-12 11:07.12am","2020-03-12 11:07.03am",3,"351 Silver St Elko NV 89801","+","+","-","-","-","-","-",3,0,14,"0.6","-61",0,0,478,"Serial","40.8299949,-115.7624126","",0,0
"LA","10 secs","2020-03-12 11:07.12am","2020-03-12 11:07.02am",3,"351 Silver St Elko NV 89801","+","+","-","-","-","-","-",3,37,14,"0.6","-61",0,0,477,"Serial","40.8299828,-115.7623925","Ignition On",0,0
"LA","10 secs","2020-03-12 10:50.21am","2020-03-12 10:50.11am",0,"351 Silver St Elko NV 89801","-","-","-","-","-","-","-",3,0,12,"0.8","-54",0,0,476,"Serial","40.8299399,-115.7622986","",0,0
"LA","10 secs","2020-03-12 10:48.21am","2020-03-12 10:48.11am",0,"351 Silver St Elko NV 89801","-","-","-","-","-","-","-",3,0,15,"0.6","-58",0,0,475,"Serial","40.8299386,-115.7622986","",0,0
"LA","10 secs","2020-03-12 10:46.21am","2020-03-12 10:46.11am",0,"351 Silver St Elko NV 89801","-","-","-","-","-","-","-",3,38,16,"0.6","-56",0,0,474,"Serial","40.8299386,-115.7622959","Ignition Off",1,2
"LA","19 secs","2020-03-12 10:44.30am","2020-03-12 10:44.11am",3,"Silver St Elko NV 89801","+","+","-","-","-","-","-",3,0,16,"0.6","-34",0,0,473,"Serial","40.8297642,-115.7628645","",0,0
"LA","23 secs","2020-03-12 10:44.30am","2020-03-12 10:44.07am",5,"Silver St Elko NV 89801","+","+","-","-","-","-","-",3,2,15,"0.6","-33",0,0,472,"Serial","40.8297427,-115.7628565","Stopped Moving",3,0
"LA","5 secs","2020-03-12 10:43.36am","2020-03-12 10:43.31am",9,"204 5th St [Nv-227] Elko NV 89801","+","+","-","-","-","-","-",3,5,15,"0.6","-55",0,0,471,"Serial","40.8313172,-115.7611734","Started Moving",0,1
"LA","7 secs","2020-03-12 10:43.16am","2020-03-12 10:43.09am",0,"172 5th St [Nv-227] Elko NV 89801","+","+","-","-","-","-","-",3,2,15,"0.6","-57",0,0,470,"Serial","40.8311683,-115.7608891","Stopped Moving",5,1
"LA","12 secs","2020-03-12 10:42.21am","2020-03-12 10:42.09am",33,"485 S 5th St [Nv-227] Elko NV 89801","+","+","-","-","-","-","-",3,8,15,"0.6","-49",0,0,469,"Serial","40.8280409,-115.7562703","Moving",16,4
"LA","10 secs","2020-03-12 10:40.21am","2020-03-12 10:40.11am",30,"1575 Lamoille Hwy [Nv-227] Elko NV 89801","+","+","-","-","-","-","-",3,8,14,"0.6","-56",0,0,468,"Serial","40.8331974,-115.7413841","Moving",21,1
"LA","9 secs","2020-03-12 10:38.36am","2020-03-12 10:38.27am",7,"Powder House Rd Elko NV 89801","+","+","-","-","-","-","-",3,5,14,"0.8","-56",0,0,467,"Serial","40.8240001,-115.7271027","Started Moving",0,1
"LA","7 secs","2020-03-12 10:38.16am","2020-03-12 10:38.09am",0,"2001 Errecart Blvd Elko NV 89801","+","+","-","-","-","-","-",3,0,13,"0.8","-57",0,0,466,"Serial","40.8238419,-115.7273373","",0,0
"LA","9 secs","2020-03-12 10:38.06am","2020-03-12 10:37.57am",1,"2001 Errecart Blvd Elko NV 89801","+","+","-","-","-","-","-",3,2,13,"0.6","-59",0,0,465,"Serial","40.823854,-115.72734","Stopped Moving",7,2
"LA","12 secs","2020-03-12 10:36.41am","2020-03-12 10:36.29am",15," Elko NV 89801","+","+","-","-","-","-","-",3,3,16,"0.6","-56",0,0,464,"Serial","40.8228589,-115.7321331","Roll",0,0
"LA","16 secs","2020-03-12 10:36.41am","2020-03-12 10:36.25am",15," Elko NV 89801","+","+","-","-","-","-","-",3,8,16,"0.6","-61",0,0,463,"Serial","40.8231418,-115.7319373","Moving",1,0
"LA","19 secs","2020-03-12 10:36.36am","2020-03-12 10:36.17am",10," Elko NV 89801","+","+","-","-","-","-","-",3,8,16,"0.6","-66",0,0,462,"Serial","40.8236072,-115.7317496","Moving",0,0
"LA","20 secs","2020-03-12 10:36.36am","2020-03-12 10:36.16am",9," Elko NV 89801","+","+","-","-","-","-","-",3,5,15,"0.6","-66",0,0,461,"Serial","40.8236595,-115.7317402","Started Moving",1,0
"LA","16 secs","2020-03-12 10:36.26am","2020-03-12 10:36.10am",9," Elko NV 89801","+","+","-","-","-","-","-",3,37,15,"0.6","-66",0,0,460,"Serial","40.8238405,-115.7315001","Ignition On",0,0
